CHROM,POS,REF,ALT
chr1,2488173,T,G
chr1,3703383,T,C
chr1,3852235,A,G
chr1,4914953,C,G
chr1,5707004,T,A
chr1,7416874,C,T
chr1,7417056,A,G
chr1,7417170,G,T
chr1,7777109,C,G
chr1,8309999,A,G
chr1,8717817,A,T
chr1,9446314,G,C
chr1,10522723,T,A
chr1,10615487,A,T
chr1,11149340,A,T
chr1,12304243,G,C
chr1,13544760,G,T
chr1,13793599,C,T
chr1,14044093,T,A
chr1,14253721,G,A
chr1,16339113,A,G
chr1,16868896,G,C
chr1,16868918,C,T
chr1,16868977,T,C
chr1,16869012,A,G
chr1,16869021,T,C
chr1,16869040,G,C
chr1,16869085,C,T
chr1,17019695,A,G
chr1,19298432,T,C
chr1,19363568,C,A
chr1,19656516,C,T
chr1,20403641,T,C
chr1,21492042,T,G
chr1,22010688,T,C
chr1,22010689,G,C
chr1,22010937,G,C
chr1,22010965,C,A
chr1,22688823,C,T
chr1,24387343,G,T
chr1,24387411,T,C
chr1,25075690,T,G
chr1,26538722,C,G
chr1,26915744,T,A
chr1,27045344,C,G
chr1,27559628,A,G
chr1,28855073,A,G
chr1,29705325,C,G
chr1,29814694,T,A
chr1,30632128,G,A
chr1,32681363,T,G
chr1,33396103,A,G
chr1,34010136,C,A
chr1,34783244,G,T
chr1,35372212,T,C
chr1,36204418,G,T
chr1,36530680,T,C
chr1,36643446,A,T
chr1,38687187,T,A
chr1,39440958,G,T
chr1,40276227,C,T
chr1,40399332,G,T
chr1,40399629,C,A
chr1,40966673,A,G
chr1,41072203,C,T
chr1,41865777,A,G
chr1,41912728,T,A
chr1,42988942,G,C
chr1,44256781,C,T
chr1,45610467,C,T
chr1,46260891,A,T
chr1,46260911,G,C
chr1,46514679,C,A
chr1,46661434,T,A
chr1,46661454,C,G
chr1,46878926,C,G
chr1,48173784,G,T
chr1,49041466,T,G
chr1,49454551,A,G
chr1,49454571,G,A
chr1,50518354,G,A
chr1,52556990,C,G
chr1,52597084,C,T
chr1,54139067,G,T
chr1,54264716,A,T
chr1,54271661,C,A
chr1,55853714,C,G
chr1,56165053,A,T
chr1,56534528,T,A
chr1,56660316,C,T
chr1,56660376,C,G
chr1,56660393,A,G
chr1,57397524,G,A
chr1,57805837,C,T
chr1,57805858,A,C
chr1,57865562,A,G
chr1,57950565,G,C
chr1,58220255,T,G
chr1,58436779,G,C
chr1,59522125,G,T
chr1,59857789,A,C
chr1,60989781,G,T
chr1,61642358,C,G
chr1,62213348,C,A
chr1,63111857,G,A
chr1,63565191,G,T
chr1,64633464,A,G
chr1,64675723,T,C
chr1,64947170,A,T
chr1,65075837,C,T
chr1,65386194,G,A
chr1,66351591,G,A
chr1,66684713,A,C
chr1,66684733,T,G
chr1,66800473,C,G
chr1,66984799,A,T
chr1,67582406,A,T
chr1,68217020,C,A
chr1,68641353,C,T
chr1,68690424,T,G
chr1,69058433,C,T
chr1,70411075,G,A
chr1,70609224,A,G
chr1,72034705,G,GTTT
chr1,72873863,T,C
chr1,73187893,G,T
chr1,73245273,G,T
chr1,73551495,T,C
chr1,73702120,G,T
chr1,73751880,A,T
chr1,73858462,T,C
chr1,73889902,C,T
chr1,74319852,A,T
chr1,74391311,T,C
chr1,74463373,T,A
chr1,74652406,T,A
chr1,75603259,C,T
chr1,75678199,A,T
chr1,76052672,G,A
chr1,76647530,T,C
chr1,76816388,C,T
chr1,77303080,G,A
chr1,77411141,A,G
chr1,78146877,G,T
chr1,78403398,C,A
chr1,78928963,G,A
chr1,79023673,T,A
chr1,79483320,G,T
chr1,79525679,A,C
chr1,79602454,C,T
chr1,80857721,C,A
chr1,81853579,C,T
chr1,82339803,G,C
chr1,84494069,C,A
chr1,84680410,G,A
chr1,85088723,A,G
chr1,85971839,T,G
chr1,86117224,T,C
chr1,86441625,C,A
chr1,87218313,T,A
chr1,87344738,T,C
chr1,87578462,A,G
chr1,87771481,A,G
chr1,87857561,G,A
chr1,88211487,T,C
chr1,89421031,T,G
chr1,89484937,A,T
chr1,89930614,T,A
chr1,91539583,C,T
chr1,91539634,A,T
chr1,91710676,A,C
chr1,91871251,C,T
chr1,92450780,C,T
chr1,92918148,A,T
chr1,92960302,T,A
chr1,94684740,T,A
chr1,94784816,A,G
chr1,95884426,A,C
chr1,96318052,T,C
chr1,97058648,A,G
chr1,98083955,C,T
chr1,100383715,A,C
chr1,101383744,T,G
chr1,102324056,T,C
chr1,102618013,A,T
chr1,103154708,C,T
chr1,103154824,T,G
chr1,103416391,A,G
chr1,103873074,A,T
chr1,103999462,T,G
chr1,104144238,A,G
chr1,105326625,T,G
chr1,106858208,C,A
chr1,106861311,T,G
chr1,107408575,G,T
chr1,107462557,A,T
chr1,108897049,C,T
chr1,109023766,C,G
chr1,109207643,T,C
chr1,111416296,C,A
chr1,111715630,A,G
chr1,111715904,T,C
chr1,111834968,C,A
chr1,111834988,G,A
chr1,112989488,G,A
chr1,113116143,G,T
chr1,113164707,T,G
chr1,113850911,A,G
chr1,114460528,A,C
chr1,114586406,G,A
chr1,115716366,C,T
chr1,115833487,T,G
chr1,115833496,A,C
chr1,116519367,A,T
chr1,117878007,A,C
chr1,117903937,T,G
chr1,119143785,A,T
chr1,119906168,T,A
chr1,123107540,G,T
chr1,124001853,G,A
chr1,124001910,C,T
chr1,124002040,T,A
chr1,124002116,T,G
chr1,124002117,T,A
chr1,124002120,A,C
chr1,124002129,G,C
chr1,124002136,T,C
chr1,124002140,A,T
chr1,125179826,A,C
chr1,125180005,G,A
chr1,125180490,T,A
chr1,143217547,G,A
chr1,143217553,A,T
chr1,143217824,T,A
chr1,143217876,T,A
chr1,143217892,C,G
chr1,143239645,T,C
chr1,143239838,C,T
chr1,143264541,C,G
chr1,143264771,A,C
chr1,147627288,G,T
chr1,147885417,C,A
chr1,149892008,T,G
chr1,149993719,G,T
chr1,149993739,A,G
chr1,150498655,A,T
chr1,151153216,G,A
chr1,151885626,G,C
chr1,154554541,C,A
chr1,155088117,A,G
chr1,157348735,G,A
chr1,157449818,T,C
chr1,157599123,A,G
chr1,157599138,A,T
chr1,157868597,A,G
chr1,157888549,T,C
chr1,157888569,T,G
chr1,158211691,A,T
chr1,158436448,T,C
chr1,158436683,C,T
chr1,159479103,T,A
chr1,159549102,G,A
chr1,159549505,A,G
chr1,160004089,A,C
chr1,160479849,C,T
chr1,160503363,A,T
chr1,160951595,C,A
chr1,161131675,C,G
chr1,161684733,T,A
chr1,161856345,A,C
chr1,162529785,C,G
chr1,164360915,T,G
chr1,165237817,A,T
chr1,165311069,T,A
chr1,166253340,C,T
chr1,167241850,A,G
chr1,167241867,G,A
chr1,167803291,T,C
chr1,168269229,T,G
chr1,168453925,C,T
chr1,168870983,A,G
chr1,171187905,A,G
chr1,171188931,C,A
chr1,172090348,A,G
chr1,172450795,A,T
chr1,172450820,A,G
chr1,174803431,G,A
chr1,176088555,A,T
chr1,177283407,C,G
chr1,177709716,G,A
chr1,178734147,A,C
chr1,178869831,A,G
chr1,179315160,T,C
chr1,179315288,A,T
chr1,179866723,T,G
chr1,181291584,T,A
chr1,181525373,T,A
chr1,181593872,C,G
chr1,182239976,C,T
chr1,183199630,T,G
chr1,183199631,A,C
chr1,183440374,A,C
chr1,184828077,A,C
chr1,185612766,T,A
chr1,185731292,A,T
chr1,186031767,C,A
chr1,186630750,C,G
chr1,187092962,G,C
chr1,188026368,C,G
chr1,188038581,T,C
chr1,188038823,A,G
chr1,188049746,T,G
chr1,188096433,G,A
chr1,188516067,G,C
chr1,188576931,T,C
chr1,188576945,T,C
chr1,188711523,T,A
chr1,189106520,T,C
chr1,189830763,T,G
chr1,189893241,G,A
chr1,190228887,A,T
chr1,192648944,A,G
chr1,194722299,A,G
chr1,194950257,T,A
chr1,194950286,T,C
chr1,195039057,T,C
chr1,196344795,T,C
chr1,196677884,A,C
chr1,197108433,A,T
chr1,197180949,A,T
chr1,197989233,G,T
chr1,199811876,A,C
chr1,199811882,C,A
chr1,199811883,G,A
chr1,200114346,A,G
chr1,200114366,G,C
chr1,200126223,C,T
chr1,200454662,T,G
chr1,200773223,A,T
chr1,201814912,A,G
chr1,202717925,C,G
chr1,204390370,T,A
chr1,204670999,G,C
chr1,204999030,A,T
chr1,206593144,A,T
chr1,207488089,G,A
chr1,207842220,C,T
chr1,208262958,A,G
chr1,208394071,G,A
chr1,208643235,G,A
chr1,209753987,A,G
chr1,209901225,C,G
chr1,210177300,A,C
chr1,210299471,A,G
chr1,210881491,T,C
chr1,210901572,C,A
chr1,210901593,A,T
chr1,211429359,C,G
chr1,211820431,A,G
chr1,213231485,A,G
chr1,213501516,A,G
chr1,213606999,G,T
chr1,213753406,C,T
chr1,214175466,G,T
chr1,215727067,C,T
chr1,217012031,T,A
chr1,217186177,A,G
chr1,217186514,T,G
chr1,217475706,A,C
chr1,217737123,C,G
chr1,217968054,C,A
chr1,217968118,G,A
chr1,217968258,G,A
chr1,218035882,T,C
chr1,218476372,T,G
chr1,218650571,T,G
chr1,218650573,T,C
chr1,218651003,C,T
chr1,218730339,G,T
chr1,219046351,C,G
chr1,219166442,T,G
chr1,220127693,T,A
chr1,220365990,A,G
chr1,220580673,A,T
chr1,221116763,T,G
chr1,221553868,A,T
chr1,221678346,G,T
chr1,221941146,A,T
chr1,222465008,T,C
chr1,222465011,A,T
chr1,222762137,C,T
chr1,223516168,A,C
chr1,223832227,A,C
chr1,225428501,G,C
chr1,225494258,A,C
chr1,225559169,T,A
chr1,225663189,C,A
chr1,225815044,G,T
chr1,226066896,A,C
chr1,226194492,T,C
chr1,226214213,G,A
chr1,226214274,G,A
chr1,226561526,T,A
chr1,227023615,T,A
chr1,227425852,G,A
chr1,228509465,C,A
chr1,229013929,A,T
chr1,229257535,T,C
chr1,229332543,A,G
chr1,229332563,C,A
chr1,229449152,G,T
chr1,229969174,T,G
chr1,230165705,A,G
chr1,230165828,A,G
chr1,230268202,G,T
chr1,230908018,A,G
chr1,231071493,G,A
chr1,231071494,C,T
chr1,232806660,A,C
chr1,232839448,T,C
chr1,235471517,T,C
chr1,235751056,A,T
chr1,237370122,T,C
chr1,237430613,T,C
chr1,237548920,T,C
chr1,237549001,T,C
chr1,237549024,A,G
chr1,238066837,C,G
chr1,238114694,C,T
chr1,238175310,T,G
chr1,239275465,G,C
chr1,239275485,G,A
chr1,239458443,A,T
chr1,239550620,C,A
chr1,239554587,C,A
chr1,241136176,G,T
chr1,241340423,A,C
chr1,242418747,T,C
chr1,242691129,T,C
chr1,242691311,G,A
chr1,242735913,A,T
chr1,243327662,T,C
chr1,243423850,T,G
chr1,243752028,C,G
chr1,243823720,G,A
chr1,244050344,G,A
chr1,244599730,T,C
chr1,244600004,G,C
chr1,245641010,A,G
chr1,245734179,A,C
chr1,246277473,C,A
chr1,246277476,C,A
chr1,246884083,A,T
chr2,572276,C,T
chr2,1014379,G,T
chr2,1357851,T,A
chr2,2752491,G,T
chr2,3037839,C,A
chr2,4666858,G,T
chr2,5596257,A,G
chr2,6511805,G,T
chr2,7253134,T,C
chr2,8058958,T,G
chr2,8346928,A,T
chr2,9033306,C,T
chr2,9101748,A,G
chr2,11037234,C,T
chr2,11128536,T,G
chr2,11205122,A,G
chr2,11369410,G,T
chr2,12003909,G,A
chr2,12076366,G,A
chr2,13335256,T,G
chr2,14070604,T,A
chr2,14209679,T,C
chr2,14289687,A,T
chr2,14708413,A,G
chr2,14708433,C,A
chr2,15109799,A,T
chr2,15268888,A,T
chr2,17549657,A,C
chr2,17982177,A,T
chr2,18003828,T,G
chr2,21668651,T,A
chr2,21770874,T,C
chr2,22122976,G,T
chr2,25228520,C,A
chr2,25228521,T,C
chr2,28334023,A,C
chr2,29130339,T,C
chr2,30488110,C,A
chr2,33402531,C,T
chr2,35661631,C,A
chr2,35868619,T,A
chr2,37572632,A,C
chr2,37794261,G,T
chr2,38187684,T,C
chr2,40014772,A,G
chr2,40391972,C,T
chr2,40898251,G,A
chr2,40909730,A,T
chr2,43149433,C,T
chr2,43455522,A,T
chr2,43855289,A,G
chr2,44081594,G,T
chr2,44175646,T,G
chr2,44250938,G,A
chr2,44710851,A,C
chr2,46226475,T,C
chr2,46250860,C,A
chr2,46410907,T,A
chr2,46619510,G,C
chr2,47724541,T,A
chr2,48176795,A,G
chr2,48238860,T,A
chr2,49264731,G,C
chr2,49672692,A,T
chr2,50304083,T,C
chr2,51091747,G,A
chr2,52073743,T,G
chr2,52154667,G,C
chr2,52395466,G,T
chr2,52490313,T,A
chr2,52490581,T,C
chr2,52548351,G,A
chr2,52739111,C,T
chr2,53374825,A,C
chr2,53493879,C,T
chr2,53493989,T,C
chr2,53856283,G,A
chr2,54588344,G,T
chr2,54845407,A,T
chr2,55933512,T,C
chr2,55973382,C,T
chr2,56508427,A,G
chr2,56896270,A,G
chr2,57114106,A,T
chr2,57536362,C,A
chr2,58615436,C,T
chr2,58694159,G,C
chr2,58694249,T,A
chr2,59622627,T,G
chr2,59687025,G,C
chr2,60278531,G,T
chr2,60522574,C,A
chr2,60652788,C,A
chr2,60652814,G,A
chr2,61145372,A,G
chr2,63012997,A,C
chr2,63157760,C,T
chr2,63630252,C,G
chr2,63679034,C,G
chr2,64735419,T,G
chr2,67044439,A,T
chr2,67232772,C,A
chr2,68458384,A,T
chr2,70212466,T,A
chr2,70212468,T,G
chr2,70277263,A,G
chr2,70405672,C,A
chr2,72811582,A,G
chr2,72811603,A,C
chr2,73223962,T,C
chr2,75484271,T,C
chr2,75484718,C,A
chr2,75592792,A,C
chr2,76618340,T,C
chr2,77534052,A,C
chr2,77629493,G,A
chr2,77896880,A,G
chr2,78452899,A,G
chr2,78477501,T,A
chr2,78519426,G,T
chr2,78695032,A,T
chr2,78885908,T,A
chr2,81725375,C,T
chr2,81993955,A,G
chr2,83193998,C,A
chr2,84171785,A,G
chr2,85767580,T,C
chr2,86194633,T,G
chr2,86638760,G,C
chr2,87659177,C,T
chr2,87659635,A,T
chr2,88051053,A,C
chr2,88399901,T,A
chr2,89993682,T,A
chr2,94509808,A,T
chr2,95228202,C,G
chr2,95496503,A,G
chr2,96431907,G,T
chr2,97787701,G,C
chr2,97787721,C,T
chr2,97953262,T,G
chr2,100295120,G,T
chr2,100479334,C,T
chr2,100479355,T,C
chr2,103388259,A,T
chr2,103524912,G,A
chr2,104706761,G,A
chr2,104760933,G,T
chr2,104905464,T,G
chr2,105110494,G,A
chr2,108094422,T,G
chr2,109165726,C,T
chr2,110153602,T,G
chr2,110654289,T,A
chr2,111546800,G,T
chr2,111660230,T,G
chr2,112176923,C,T
chr2,112693476,G,T
chr2,112928173,G,T
chr2,112938214,C,A
chr2,113974037,G,C
chr2,114211364,T,G
chr2,114426163,T,G
chr2,114426167,C,T
chr2,114699350,T,G
chr2,115762003,T,C
chr2,116249360,A,G
chr2,117500010,A,T
chr2,119586463,A,T
chr2,119827758,T,C
chr2,119934563,A,C
chr2,121286790,G,A
chr2,121878170,T,A
chr2,122399470,T,A
chr2,122404165,A,T
chr2,122516051,C,A
chr2,122760615,C,A
chr2,125089781,A,C
chr2,125260184,A,G
chr2,125260230,C,T
chr2,126344703,G,A
chr2,127270176,C,T
chr2,128810271,G,C
chr2,128810446,G,A
chr2,128810465,T,C
chr2,131773996,C,G
chr2,132689179,T,A
chr2,133585176,A,G
chr2,133869540,A,T
chr2,133896982,C,T
chr2,134223901,A,G
chr2,134339502,A,G
chr2,134409489,C,T
chr2,139096388,T,A
chr2,139785578,C,T
chr2,140023964,G,A
chr2,140333942,G,A
chr2,140558261,C,A
chr2,141750260,G,A
chr2,141758601,T,C
chr2,141847272,G,A
chr2,142149069,C,G
chr2,142639242,T,A
chr2,142830275,G,T
chr2,142849902,T,A
chr2,143054416,A,C
chr2,143387107,G,A
chr2,143537136,G,C
chr2,143607997,C,A
chr2,144209913,A,C
chr2,144997882,G,C
chr2,145189866,A,AAG
chr2,145328417,T,G
chr2,146534295,C,G
chr2,147172840,G,A
chr2,147372060,T,A
chr2,147710604,A,T
chr2,147872820,C,T
chr2,147873172,G,C
chr2,148284284,C,G
chr2,148822787,T,A
chr2,149337326,A,G
chr2,151906290,A,C
chr2,152790492,T,C
chr2,152803888,T,C
chr2,153167536,A,T
chr2,153716028,G,A
chr2,154042157,T,G
chr2,154404432,G,A
chr2,154884030,A,T
chr2,155857493,C,T
chr2,156693820,G,A
chr2,157025169,A,G
chr2,157415756,T,A
chr2,158199852,A,C
chr2,158972051,G,A
chr2,159327420,T,G
chr2,160790047,G,A
chr2,162676905,A,T
chr2,163647981,A,C
chr2,165141452,A,C
chr2,165269403,T,A
chr2,165664271,G,A
chr2,165967081,G,A
chr2,166215561,A,G
chr2,167049150,T,G
chr2,169240996,G,A
chr2,169328758,T,A
chr2,169328779,T,G
chr2,169644766,C,G
chr2,169880054,A,G
chr2,173324499,T,G
chr2,173894569,G,A
chr2,173953218,G,T
chr2,175163370,A,C
chr2,176965390,G,A
chr2,177883565,T,C
chr2,178665849,A,T
chr2,178739677,A,G
chr2,178783748,A,G
chr2,179700611,T,C
chr2,180166189,C,G
chr2,180323722,A,G
chr2,181629201,T,C
chr2,181655382,C,T
chr2,183063641,G,C
chr2,183172287,T,A
chr2,183239478,T,G
chr2,183592506,G,A
chr2,183592548,A,C
chr2,183592817,T,C
chr2,183642955,T,G
chr2,184125646,A,T
chr2,184255578,G,T
chr2,184594084,G,T
chr2,184779422,A,T
chr2,185175536,A,T
chr2,185795280,A,C
chr2,185840898,T,C
chr2,186546780,G,A
chr2,187720230,T,C
chr2,188190221,G,C
chr2,188751388,G,A
chr2,188769688,G,C
chr2,189665101,A,C
chr2,190331337,A,C
chr2,190578045,C,T
chr2,190628139,G,A
chr2,190755378,T,C
chr2,192331889,A,G
chr2,192562355,T,G
chr2,192562597,A,G
chr2,194079940,A,T
chr2,194570780,G,A
chr2,194570792,G,A
chr2,196011670,C,T
chr2,196373564,G,C
chr2,196670319,T,G
chr2,196835643,T,A
chr2,197898354,A,C
chr2,197938315,G,T
chr2,197938316,A,T
chr2,198524110,C,T
chr2,198909143,T,G
chr2,199825309,G,A
chr2,199825310,T,A
chr2,199825379,C,T
chr2,201457296,C,G
chr2,201839269,G,C
chr2,202210894,A,G
chr2,202388084,T,C
chr2,203684722,T,G
chr2,204313021,T,G
chr2,204616263,T,C
chr2,205057069,C,A
chr2,205219264,C,A
chr2,205228796,T,C
chr2,205335451,T,A
chr2,205731822,G,T
chr2,205731844,C,G
chr2,206440933,C,A
chr2,207871142,T,A
chr2,207871148,A,T
chr2,207871167,G,T
chr2,207871168,T,G
chr2,207871170,C,T
chr2,207871176,T,C
chr2,207871178,C,T
chr2,207871180,T,C
chr2,207871342,A,G
chr2,207871346,A,C
chr2,207871347,G,A
chr2,207871354,T,C
chr2,207871356,G,A
chr2,207871362,C,T
chr2,207871375,C,A
chr2,207871644,T,C
chr2,209492657,A,T
chr2,209492664,A,T
chr2,209740356,A,G
chr2,209967024,T,A
chr2,210015254,A,T
chr2,210576803,G,C
chr2,211037732,T,A
chr2,211202525,T,G
chr2,212130338,G,C
chr2,212572258,C,T
chr2,212863269,T,G
chr2,213459855,A,C
chr2,214320109,A,C
chr2,215561547,C,T
chr2,215738501,T,G
chr2,218964835,C,T
chr2,219096938,G,C
chr2,220025522,A,G
chr2,220342808,C,G
chr2,220841162,T,A
chr2,221125309,G,C
chr2,222317504,A,G
chr2,222795460,C,G
chr2,223054346,G,A
chr2,223186941,T,C
chr2,223568741,G,T
chr2,224170728,C,A
chr2,226347034,T,A
chr2,227376540,T,C
chr2,228590912,G,A
chr2,229262745,C,G
chr2,232200060,T,A
chr2,232200081,G,T
chr2,232792208,G,A
chr2,232792287,G,T
chr2,232883805,G,T
chr2,235242804,A,G
chr2,235257796,T,A
chr2,235713218,A,T
chr2,235938702,C,G
chr2,236458463,A,T
chr2,236862961,A,G
chr2,238920010,A,T
chr3,1286664,G,A
chr3,1400882,T,A
chr3,1963048,T,A
chr3,3713627,A,T
chr3,4195862,T,C
chr3,4373242,A,C
chr3,4655778,C,T
chr3,4870503,G,T
chr3,5212777,A,G
chr3,5399249,G,A
chr3,6361198,C,G
chr3,6532762,G,A
chr3,8485425,A,C
chr3,8844598,T,G
chr3,10902876,A,C
chr3,10944314,T,G
chr3,11713113,G,A
chr3,11882207,G,A
chr3,12073741,A,C
chr3,12165888,T,A
chr3,12831043,G,T
chr3,12831047,C,T
chr3,13111932,A,G
chr3,13771434,G,C
chr3,13972645,G,C
chr3,13977059,C,G
chr3,14307405,C,T
chr3,14327385,C,T
chr3,14389489,G,T
chr3,15854729,C,A
chr3,16321637,T,A
chr3,16790623,T,A
chr3,16790624,G,A
chr3,16802449,T,G
chr3,17007003,C,A
chr3,17572912,G,A
chr3,17667434,A,G
chr3,18247155,A,T
chr3,18770384,C,A
chr3,18835771,G,C
chr3,18959037,C,T
chr3,21132671,T,G
chr3,21326486,C,G
chr3,21550159,A,G
chr3,22080216,T,C
chr3,23488710,T,A
chr3,25501722,C,A
chr3,26136332,A,G
chr3,26471448,A,T
chr3,26471474,G,A
chr3,26610412,A,T
chr3,26995213,C,T
chr3,28500890,C,T
chr3,28736055,T,C
chr3,28736183,C,T
chr3,28738912,A,G
chr3,30593050,A,T
chr3,30720089,A,G
chr3,31276859,T,A
chr3,31311097,C,T
chr3,31359296,A,G
chr3,31673644,C,T
chr3,32382860,T,C
chr3,32633778,T,A
chr3,33278502,G,T
chr3,33898127,T,C
chr3,34974812,T,G
chr3,37109658,C,T
chr3,37395666,T,C
chr3,38960131,A,C
chr3,39057474,G,A
chr3,39500432,T,A
chr3,39568300,C,T
chr3,39568523,A,G
chr3,39691484,A,T
chr3,41239100,C,A
chr3,41959099,T,C
chr3,43151783,T,A
chr3,43223445,A,T
chr3,43261097,C,A
chr3,43368063,C,T
chr3,43698322,C,A
chr3,44164969,T,C
chr3,44353380,T,C
chr3,44844706,A,G
chr3,45863625,A,G
chr3,45882769,G,A
chr3,45973616,A,T
chr3,46227576,T,C
chr3,46672375,C,T
chr3,46731471,G,C
chr3,46750749,A,G
chr3,47107243,T,C
chr3,47116194,T,A
chr3,47545747,G,T
chr3,49616394,G,A
chr3,50184338,G,C
chr3,51402052,C,A
chr3,51719249,G,A
chr3,51950975,A,T
chr3,52868246,T,C
chr3,53316126,G,T
chr3,53787041,A,T
chr3,54336370,T,C
chr3,54336375,G,C
chr3,54954865,A,C
chr3,57977725,T,A
chr3,57977726,C,A
chr3,60524601,T,C
chr3,60916474,G,A
chr3,61439491,G,A
chr3,62473605,C,T
chr3,63133512,G,A
chr3,64399958,T,G
chr3,64465822,T,A
chr3,64465843,T,C
chr3,64510687,A,G
chr3,65110582,T,C
chr3,65110659,G,A
chr3,65111902,A,G
chr3,65260549,A,T
chr3,68427572,A,T
chr3,68956093,T,C
chr3,69145194,C,A
chr3,69145229,G,A
chr3,70917801,A,G
chr3,72444941,G,C
chr3,72591644,T,A
chr3,73480713,T,G
chr3,73600245,C,A
chr3,73600265,T,G
chr3,73688202,G,T
chr3,73688424,T,C
chr3,74613774,C,T
chr3,74741978,C,A
chr3,75196024,C,G
chr3,76435293,T,C
chr3,77405800,G,A
chr3,77481860,A,C
chr3,78198169,G,T
chr3,78301667,A,C
chr3,79142729,A,T
chr3,79273237,T,A
chr3,79535164,T,C
chr3,79983050,A,G
chr3,80447243,T,G
chr3,80509902,A,C
chr3,80548951,A,G
chr3,80548964,A,G
chr3,80549025,T,C
chr3,81227192,T,G
chr3,81347291,A,T
chr3,82601325,C,G
chr3,82917324,A,G
chr3,82917349,A,G
chr3,82917374,A,G
chr3,82917399,A,G
chr3,83050268,G,A
chr3,83050693,C,T
chr3,83192829,T,C
chr3,83257022,C,A
chr3,83876099,G,C
chr3,83961540,G,A
chr3,84074667,A,G
chr3,84802950,G,T
chr3,85071887,C,T
chr3,85381603,T,C
chr3,85381689,T,G
chr3,85396541,C,A
chr3,87042640,T,A
chr3,87043062,G,A
chr3,87178555,T,C
chr3,87401028,C,G
chr3,87851968,A,T
chr3,89878222,T,G
chr3,89908303,T,A
chr3,90238822,C,A
chr3,93470446,G,A
chr3,93470523,G,A
chr3,93470569,T,A
chr3,93470628,A,C
chr3,93470632,T,C
chr3,93470646,G,A
chr3,93470689,C,G
chr3,93470694,G,A
chr3,93470726,G,C
chr3,93470728,A,T
chr3,93470778,T,A
chr3,93470786,ATT,ATTT
chr3,94358912,C,G
chr3,94404708,T,C
chr3,94404959,G,C
chr3,94538409,C,T
chr3,94538548,T,A
chr3,94972739,T,G
chr3,96168998,C,A
chr3,96255076,A,G
chr3,97112389,A,C
chr3,97294558,T,A
chr3,97760456,G,C
chr3,97985164,A,C
chr3,98333576,G,C
chr3,98777619,T,A
chr3,99212801,T,C
chr3,100133159,T,C
chr3,100680684,T,A
chr3,100774983,G,A
chr3,101672063,T,G
chr3,102016902,G,C
chr3,102134891,A,G
chr3,102134892,G,T
chr3,102135101,T,C
chr3,102175894,C,G
chr3,102176160,G,A
chr3,102335983,C,T
chr3,103583571,C,A
chr3,103705702,A,T
chr3,103812299,A,T
chr3,104341886,A,G
chr3,104341890,A,T
chr3,105207657,C,A
chr3,105799429,A,T
chr3,107014178,A,G
chr3,107014199,T,C
chr3,107761676,A,G
chr3,107995151,T,A
chr3,108157520,A,G
chr3,108157585,G,A
chr3,108157850,T,C
chr3,108157935,A,T
chr3,108522062,T,C
chr3,109162910,T,A
chr3,110286991,T,C
chr3,111394090,A,G
chr3,111746885,T,G
chr3,111758202,T,C
chr3,111758273,G,A
chr3,112003158,G,A
chr3,112451641,G,C
chr3,112464888,T,G
chr3,112615208,C,CA
chr3,114409551,G,A
chr3,115348950,A,G
chr3,115616281,G,T
chr3,115805570,T,A
chr3,115956820,T,C
chr3,116216895,A,T
chr3,117705709,G,A
chr3,117710506,A,G
chr3,118992189,A,C
chr3,119275470,C,G
chr3,119468671,A,C
chr3,120527000,T,G
chr3,122087742,T,A
chr3,122188975,C,A
chr3,122954503,C,A
chr3,122964026,C,A
chr3,123895602,T,G
chr3,124621630,C,A
chr3,124621744,G,A
chr3,126203865,A,C
chr3,128052464,C,T
chr3,128442248,A,T
chr3,128522831,C,G
chr3,128522832,C,A
chr3,128674994,G,A
chr3,129659405,T,A
chr3,129659409,A,C
chr3,129907711,A,T
chr3,131283108,T,A
chr3,131564393,C,A
chr3,131786072,A,G
chr3,132239196,C,T
chr3,132951805,A,G
chr3,133165371,A,G
chr3,133165641,T,A
chr3,133598061,A,T
chr3,133598104,T,A
chr3,133598106,A,C
chr3,133919179,C,T
chr3,134004034,T,C
chr3,134300586,A,G
chr3,134551480,A,C
chr3,134900300,A,C
chr3,134900320,T,C
chr3,135507960,A,T
chr3,136654071,C,A
chr3,136716094,T,A
chr3,138711657,G,C
chr3,139814759,A,C
chr3,139937795,A,T
chr3,141860009,C,T
chr3,141909208,T,C
chr3,142503355,A,C
chr3,142896626,G,C
chr3,143205205,C,T
chr3,143270044,C,G
chr3,143476028,A,T
chr3,143476048,G,T
chr3,143713081,T,C
chr3,145695605,G,T
chr3,146149141,G,A
chr3,146234931,T,C
chr3,146426064,G,C
chr3,147168984,T,G
chr3,147553861,G,C
chr3,148077371,A,T
chr3,148149709,C,G
chr3,148437050,T,G
chr3,148700817,T,A
chr3,148819039,A,G
chr3,148841814,T,A
chr3,149814446,A,C
chr3,150522782,T,C
chr3,150522802,A,G
chr3,152920636,G,C
chr3,153554738,A,G
chr3,153745330,A,T
chr3,154603079,A,G
chr3,156017279,A,C
chr3,157126141,A,T
chr3,157268199,A,G
chr3,157400188,A,G
chr3,157416015,A,G
chr3,157599186,G,A
chr3,157599189,G,A
chr3,157887486,T,G
chr3,158968061,C,G
chr3,159826494,C,G
chr3,160616264,T,G
chr3,160932280,C,A
chr3,161212933,A,G
chr3,161553544,G,A
chr3,162499984,T,C
chr3,162591794,T,C
chr3,163548399,T,A
chr3,165130426,C,T
chr3,165752261,A,C
chr3,166611724,C,A
chr3,167116095,C,G
chr3,167149557,T,G
chr3,167625696,C,G
chr3,167881154,A,T
chr3,168161206,G,A
chr3,168402751,C,G
chr3,168505804,T,C
chr3,168672838,A,G
chr3,169977485,A,C
chr3,170766689,A,T
chr3,170888712,C,G
chr3,171636217,A,T
chr3,171927479,C,A
chr3,172468986,A,T
chr3,173271114,T,G
chr3,173726142,A,T
chr3,174525664,T,C
chr3,174784239,A,G
chr3,174784265,A,T
chr3,175001460,A,C
chr3,175163307,A,T
chr3,175327907,G,A
chr3,176347644,T,C
chr3,177942231,A,C
chr3,178116075,T,G
chr3,178739799,A,T
chr3,178919457,A,T
chr3,179629550,A,C
chr3,179913960,A,C
chr3,180582735,C,T
chr3,182206275,T,C
chr3,182206337,T,A
chr3,182594416,T,A
chr3,182602789,T,A
chr3,183579769,T,C
chr3,185773801,C,T
chr3,187744305,G,C
chr3,188636020,C,G
chr3,188976750,C,T
chr3,189240262,A,T
chr3,189608846,A,G
chr3,189895756,G,A
chr3,190086031,C,A
chr3,190224024,A,T
chr3,192814403,C,A
chr3,193262740,C,T
chr3,193969017,G,A
chr3,196641725,G,A
chr4,775283,G,A
chr4,775285,C,T
chr4,1003604,C,T
chr4,2235222,A,G
chr4,6483145,T,A
chr4,6483149,T,A
chr4,6483157,A,T
chr4,7585697,C,G
chr4,7657782,C,G
chr4,7766904,C,G
chr4,8709673,T,C
chr4,8709682,T,A
chr4,8709965,C,T
chr4,8709969,C,A
chr4,10196844,C,T
chr4,10261474,C,T
chr4,10967031,T,A
chr4,11904607,G,T
chr4,12728050,G,A
chr4,12778644,T,C
chr4,13636488,G,A
chr4,13835119,C,A
chr4,14175718,G,A
chr4,14712047,C,G
chr4,14882705,T,C
chr4,14966021,A,C
chr4,15079825,A,C
chr4,15079845,T,C
chr4,15638734,T,A
chr4,16204625,G,T
chr4,16216433,A,G
chr4,16418350,T,A
chr4,16861995,C,T
chr4,16928260,A,C
chr4,16937486,T,A
chr4,17391677,A,T
chr4,17436974,T,C
chr4,18100777,C,A
chr4,19475982,G,C
chr4,19606350,G,A
chr4,19764866,T,G
chr4,20046949,G,A
chr4,20243508,A,T
chr4,22943373,G,C
chr4,23342236,G,A
chr4,23483154,T,G
chr4,23546107,T,A
chr4,23603231,T,G
chr4,24202728,C,G
chr4,24755227,T,A
chr4,24956851,T,C
chr4,24956897,T,C
chr4,25426785,C,A
chr4,25743466,C,T
chr4,25849616,A,T
chr4,26733004,T,C
chr4,26737081,C,T
chr4,27193390,G,A
chr4,27263032,A,T
chr4,28239019,C,A
chr4,28452821,T,G
chr4,28915047,C,G
chr4,29614654,T,C
chr4,29670430,A,C
chr4,29737903,C,A
chr4,29848039,A,T
chr4,30688016,A,G
chr4,31958601,G,T
chr4,32306895,T,A
chr4,33386817,G,C
chr4,33657270,A,C
chr4,34770856,C,T
chr4,36999912,G,C
chr4,37261866,A,T
chr4,37519416,T,G
chr4,37752918,T,G
chr4,39133015,C,A
chr4,39470250,C,A
chr4,39656789,C,T
chr4,39833525,A,C
chr4,40253887,C,T
chr4,40464031,T,C
chr4,40691178,T,A
chr4,41096059,C,A
chr4,42490697,C,G
chr4,42662367,A,G
chr4,42738647,G,C
chr4,42738860,G,A
chr4,42738931,C,T
chr4,42746411,T,C
chr4,42746641,C,T
chr4,43996992,C,A
chr4,46877489,C,T
chr4,46909886,G,T
chr4,46913348,G,C
chr4,47603582,T,C
chr4,47873028,G,A
chr4,47985773,A,T
chr4,49709330,A,C
chr4,49709336,G,C
chr4,49709464,G,A
chr4,49711437,G,C
chr4,49711457,T,C
chr4,49711475,C,T
chr4,49711482,A,T
chr4,49711498,C,A
chr4,49711500,T,G
chr4,49711513,C,A
chr4,49711644,T,C
chr4,49711661,T,A
chr4,49711698,C,T
chr4,49711722,C,T
chr4,49711723,C,G
chr4,49711727,A,T
chr4,49711728,A,C
chr4,49711757,T,C
chr4,49711761,G,C
chr4,49711779,G,T
chr4,49711803,T,G
chr4,49711811,T,A
chr4,49711812,G,T
chr4,49711815,A,T
chr4,49711837,A,G
chr4,49711848,C,T
chr4,49711866,T,A
chr4,49711867,A,G
chr4,49711873,C,G
chr4,49711883,G,C
chr4,49711890,C,A
chr4,51293126,G,T
chr4,52174286,A,G
chr4,52967404,C,T
chr4,53058908,A,C
chr4,53494574,C,G
chr4,53546436,G,T
chr4,53546437,G,C
chr4,54266581,T,A
chr4,55062647,T,A
chr4,55847910,A,T
chr4,56056078,T,G
chr4,56094028,A,T
chr4,56227200,C,G
chr4,56744222,A,C
chr4,56744224,A,G
chr4,56999647,A,T
chr4,57283731,T,A
chr4,58553836,A,G
chr4,58814230,A,C
chr4,59141941,A,C
chr4,59325220,C,A
chr4,60278492,G,T
chr4,60425975,C,T
chr4,60961102,A,C
chr4,61468263,A,G
chr4,61570077,A,T
chr4,61575211,T,A
chr4,62072429,T,A
chr4,62545778,A,C
chr4,62820918,T,A
chr4,62879395,GTTTTTTT,GTTTTTTTT
chr4,62962513,A,T
chr4,63150614,T,G
chr4,63278129,G,C
chr4,63834111,T,C
chr4,64820360,C,A
chr4,66914817,G,A
chr4,67463969,T,C
chr4,67544827,G,A
chr4,67817847,A,T
chr4,68463835,C,T
chr4,68698038,A,T
chr4,68698059,G,T
chr4,70390844,A,G
chr4,70791892,T,G
chr4,70946085,T,G
chr4,71842654,A,G
chr4,71879564,G,C
chr4,72044093,C,T
chr4,72316728,A,C
chr4,72380455,T,A
chr4,73013246,A,T
chr4,73346220,A,G
chr4,75587507,G,C
chr4,76072907,G,A
chr4,76421983,T,G
chr4,76962584,A,C
chr4,77140236,T,C
chr4,77694378,T,G
chr4,79382555,T,A
chr4,79626986,T,G
chr4,79646457,T,A
chr4,79759148,C,A
chr4,81367690,C,T
chr4,81367933,A,G
chr4,81403301,G,A
chr4,81558764,G,C
chr4,81994059,A,T
chr4,82461802,T,A
chr4,82847671,T,G
chr4,82946855,G,C
chr4,83284102,G,A
chr4,84094173,T,G
chr4,84208698,G,A
chr4,84328475,T,A
chr4,85774825,G,T
chr4,86224546,C,G
chr4,86314627,C,T
chr4,86771210,A,C
chr4,87718912,C,T
chr4,88601310,T,G
chr4,88907291,T,G
chr4,88950055,G,C
chr4,89012763,T,C
chr4,89459684,C,A
chr4,90928998,G,T
chr4,90929020,T,G
chr4,91007729,T,A
chr4,91007730,A,T
chr4,91051837,A,T
chr4,91667062,A,G
chr4,92105831,G,A
chr4,93513990,T,A
chr4,94844342,T,G
chr4,94844380,G,A
chr4,96258460,T,A
chr4,97697420,C,A
chr4,98202939,G,T
chr4,98517695,A,C
chr4,98526954,G,C
chr4,99564969,T,C
chr4,100595774,T,A
chr4,100618088,G,A
chr4,100632867,T,A
chr4,101670899,G,C
chr4,101745781,A,T
chr4,101972166,G,T
chr4,102292647,C,G
chr4,102960368,G,T
chr4,103345448,T,C
chr4,104402125,G,A
chr4,104959247,G,C
chr4,105799321,T,C
chr4,107017018,C,T
chr4,107129276,T,C
chr4,107531506,C,G
chr4,108129576,A,C
chr4,108414831,A,C
chr4,110321963,T,G
chr4,111787126,T,C
chr4,112642663,A,C
chr4,113241001,T,A
chr4,116228780,C,A
chr4,117721201,T,A
chr4,117732554,T,C
chr4,118293384,A,C
chr4,118342301,G,T
chr4,118742406,C,A
chr4,119135527,T,A
chr4,120523164,G,T
chr4,120536854,G,T
chr4,122429159,C,A
chr4,123201405,T,C
chr4,124595539,T,C
chr4,125671529,A,G
chr4,127498243,T,C
chr4,127963331,G,T
chr4,128414783,T,A
chr4,128993367,C,T
chr4,128993467,G,C
chr4,128993518,G,A
chr4,129161743,T,C
chr4,129756886,G,C
chr4,129787322,A,C
chr4,129803878,G,C
chr4,130020539,T,G
chr4,130116451,A,T
chr4,130133107,A,G
chr4,130606177,G,A
chr4,130880626,C,A
chr4,130981086,A,C
chr4,130981106,A,T
chr4,132170672,T,C
chr4,134366535,A,T
chr4,134642939,G,T
chr4,135031970,A,T
chr4,135493153,C,T
chr4,135777464,T,C
chr4,136347482,A,T
chr4,136569934,G,C
chr4,136633849,G,A
chr4,137695789,G,A
chr4,137879677,T,G
chr4,138444902,C,A
chr4,138734988,A,G
chr4,141011471,T,A
chr4,141077927,G,T
chr4,141096773,T,A
chr4,141328708,G,T
chr4,141874583,C,T
chr4,143392689,T,G
chr4,143541835,T,A
chr4,144335701,A,T
chr4,144854993,A,C
chr4,144999383,A,T
chr4,145855267,T,C
chr4,147074061,C,T
chr4,147074063,C,G
chr4,147074083,A,G
chr4,147288439,C,A
chr4,147288459,C,G
chr4,147532627,T,G
chr4,148567518,T,A
chr4,148961885,T,C
chr4,149016726,T,A
chr4,150400735,T,C
chr4,150746194,G,A
chr4,150783462,C,T
chr4,152232913,T,A
chr4,152549158,A,C
chr4,152776297,T,A
chr4,152808169,G,A
chr4,152990623,T,G
chr4,153809588,A,G
chr4,154164954,CTTTTTTTTTTTTT,CTTTTTTTTTTTT
chr4,154377542,C,A
chr4,154755156,A,C
chr4,155774996,C,T
chr4,156819200,A,T
chr4,157385237,G,A
chr4,158217166,T,A
chr4,158243241,G,T
chr4,158452473,G,A
chr4,158452858,T,C
chr4,158646365,T,G
chr4,158646385,G,T
chr4,159095497,A,G
chr4,159095517,C,G
chr4,159828640,T,G
chr4,160158020,A,C
chr4,160478453,T,A
chr4,160561173,T,C
chr4,161360530,A,C
chr4,161672076,C,G
chr4,163338461,C,A
chr4,163653793,G,A
chr4,164162061,T,G
chr4,164448018,G,A
chr4,164674301,T,C
chr4,164674404,A,G
chr4,164674586,G,C
chr4,164674626,G,A
chr4,164674627,G,A
chr4,168020682,T,G
chr4,168055475,G,A
chr4,168582171,T,G
chr4,168721488,G,T
chr4,169716521,A,G
chr4,169777649,C,A
chr4,169777692,C,T
chr4,170282994,G,C
chr4,170657066,G,T
chr4,171270932,T,G
chr4,171362423,T,G
chr4,172290873,A,T
chr4,172709334,A,C
chr4,173356616,A,G
chr4,174070935,T,A
chr4,174438390,A,T
chr4,174955172,T,C
chr4,174955198,G,A
chr4,174955322,T,C
chr4,175989468,C,T
chr4,176057946,C,T
chr4,176463359,T,C
chr4,176463641,A,G
chr4,177826206,A,C
chr4,177933172,C,T
chr4,178047247,C,T
chr4,178595049,G,C
chr4,179058805,A,C
chr4,179064064,T,C
chr4,179064069,C,A
chr4,179851862,T,C
chr4,179852115,G,A
chr4,180228572,A,C
chr4,180439985,C,G
chr4,180455109,G,A
chr4,181179342,G,C
chr4,181391125,T,A
chr4,187186484,A,C
chr4,187366352,A,T
chr4,187845884,T,A
chr4,188721263,T,C
chr4,188851261,T,C
chr4,188865055,C,A
chr4,189074417,C,A
chr4,189324282,C,A
chr4,189875567,G,A
chr4,189982153,G,T
chr5,1563756,G,C
chr5,1720823,A,G
chr5,1720888,G,A
chr5,3608022,T,G
chr5,3817276,T,A
chr5,3863320,A,G
chr5,4268934,C,T
chr5,4582867,A,C
chr5,5147992,G,C
chr5,5275294,A,T
chr5,5401643,G,T
chr5,5401660,G,T
chr5,5568097,A,G
chr5,5809611,T,A
chr5,7607910,A,C
chr5,7626986,C,G
chr5,8757664,A,T
chr5,8857918,G,C
chr5,10420920,C,A
chr5,10983197,G,T
chr5,10983217,G,T
chr5,10983218,A,G
chr5,11026694,G,C
chr5,11115650,A,T
chr5,12467470,T,C
chr5,12594164,T,A
chr5,12939433,C,G
chr5,13258004,T,G
chr5,13290844,A,G
chr5,13308081,T,C
chr5,15342303,C,T
chr5,15779906,T,A
chr5,15982054,C,T
chr5,16291615,T,C
chr5,16364080,C,G
chr5,16582519,C,A
chr5,16992255,G,T
chr5,18162002,G,A
chr5,18162412,T,C
chr5,18725238,T,A
chr5,20607238,G,T
chr5,21020150,A,G
chr5,21020555,G,A
chr5,23139191,G,C
chr5,24799999,A,T
chr5,26837973,T,C
chr5,27026320,C,T
chr5,28602176,A,G
chr5,29159579,C,G
chr5,29318125,T,A
chr5,29666117,A,G
chr5,30116540,A,C
chr5,30919101,G,C
chr5,31216124,A,G
chr5,32104293,G,C
chr5,32489725,T,G
chr5,32927589,T,TAA
chr5,33282579,G,T
chr5,33550681,A,T
chr5,33693123,T,C
chr5,33774102,A,C
chr5,34516858,A,G
chr5,34790941,G,A
chr5,35143833,C,G
chr5,35919814,T,C
chr5,35919815,G,A
chr5,36001664,T,C
chr5,36001963,T,A
chr5,36001998,T,A
chr5,36170412,C,T
chr5,36548534,A,G
chr5,37621430,C,G
chr5,37656156,T,C
chr5,38019136,T,C
chr5,39374127,T,G
chr5,39575938,G,A
chr5,39699378,A,G
chr5,39744347,A,T
chr5,39891153,A,G
chr5,39891173,T,A
chr5,41106918,T,G
chr5,41544042,A,G
chr5,43241661,A,G
chr5,44080469,T,A
chr5,44768085,A,G
chr5,44912923,T,A
chr5,45621086,T,A
chr5,46122428,C,G
chr5,46227245,A,G
chr5,46227252,T,C
chr5,49600337,T,A
chr5,49600347,C,G
chr5,49600350,T,G
chr5,49600351,A,G
chr5,49600373,G,T
chr5,49600374,A,T
chr5,49600379,T,C
chr5,49600387,T,C
chr5,49600398,A,G
chr5,49600406,G,A
chr5,49600443,C,T
chr5,49600651,A,G
chr5,49600656,C,G
chr5,49600679,A,G
chr5,49600692,C,G
chr5,49600703,C,T
chr5,49600766,A,G
chr5,49657559,A,T
chr5,49657604,T,C
chr5,49657607,T,C
chr5,49657611,C,G
chr5,49657626,C,A
chr5,49657660,C,T
chr5,49657671,C,T
chr5,50403618,A,G
chr5,50850379,C,G
chr5,50980756,A,C
chr5,51665990,T,G
chr5,53312130,T,C
chr5,53462598,C,A
chr5,54068446,C,A
chr5,54208812,G,C
chr5,54563964,T,G
chr5,55101595,G,T
chr5,55107169,A,T
chr5,56928297,A,G
chr5,60440132,C,T
chr5,61853922,T,G
chr5,62501759,T,C
chr5,62536514,A,T
chr5,62828413,G,A
chr5,63559023,T,A
chr5,64857503,G,T
chr5,66237420,T,C
chr5,66454835,C,A
chr5,66707968,T,G
chr5,66764361,C,A
chr5,67145793,C,A
chr5,68306999,G,T
chr5,68309530,A,C
chr5,71975188,A,C
chr5,72004312,A,T
chr5,74066432,G,T
chr5,74140676,G,A
chr5,74688363,G,A
chr5,74688421,A,G
chr5,75102255,C,A
chr5,75864882,G,A
chr5,76072555,G,A
chr5,78106723,A,G
chr5,78892169,A,T
chr5,78976806,G,C
chr5,78977538,G,C
chr5,79960202,T,A
chr5,80261208,A,G
chr5,80563042,A,T
chr5,81000638,A,T
chr5,81062310,G,A
chr5,81870789,A,G
chr5,82494787,A,T
chr5,83014911,A,T
chr5,83293648,T,C
chr5,83366117,T,C
chr5,83373334,T,G
chr5,83922280,A,G
chr5,84756822,C,A
chr5,84756842,A,T
chr5,87573662,A,C
chr5,88739050,T,C
chr5,89169972,T,G
chr5,89584522,A,T
chr5,90081795,C,T
chr5,90116770,T,A
chr5,90903480,A,C
chr5,91760919,T,A
chr5,91815712,G,A
chr5,92816506,T,G
chr5,92816526,C,A
chr5,94842792,T,A
chr5,96746431,T,C
chr5,97349090,G,T
chr5,97646572,G,C
chr5,98585193,G,C
chr5,98791120,T,G
chr5,99823023,G,T
chr5,100143515,C,G
chr5,101715350,A,G
chr5,101897911,C,T
chr5,101897970,C,T
chr5,102307410,C,T
chr5,102739866,G,C
chr5,103186675,C,A
chr5,103188027,A,G
chr5,103480952,C,G
chr5,103647805,C,T
chr5,105119525,T,C
chr5,105789245,G,A
chr5,105991252,T,C
chr5,106190714,G,A
chr5,106190756,C,A
chr5,106313241,G,A
chr5,106313262,G,T
chr5,106650134,C,T
chr5,107095690,C,A
chr5,107786877,C,T
chr5,108384436,A,C
chr5,109022568,T,C
chr5,109721418,T,C
chr5,110701219,A,G
chr5,111602105,A,T
chr5,112213107,A,C
chr5,114181334,T,A
chr5,114307835,C,T
chr5,115603249,G,C
chr5,115903006,A,C
chr5,116790442,C,A
chr5,117405101,A,C
chr5,117743306,A,G
chr5,118011989,A,G
chr5,118554971,C,A
chr5,119805267,A,G
chr5,119953970,A,T
chr5,121113135,T,C
chr5,121461949,C,T
chr5,122449504,T,A
chr5,122909523,C,A
chr5,123527527,A,T
chr5,123798465,T,C
chr5,124315954,C,A
chr5,124316065,A,G
chr5,124370635,G,C
chr5,124377146,A,T
chr5,124802093,A,G
chr5,127289856,A,G
chr5,127842306,C,A
chr5,128007321,A,C
chr5,128036757,A,T
chr5,130004058,G,A
chr5,130004485,G,C
chr5,130150981,A,C
chr5,130363203,C,A
chr5,131702521,T,G
chr5,132007451,T,C
chr5,132589499,A,G
chr5,132589501,A,C
chr5,133197905,T,G
chr5,134590700,A,T
chr5,135146710,A,G
chr5,135804631,A,G
chr5,136608746,G,A
chr5,136992204,G,T
chr5,137400184,G,C
chr5,137400206,A,C
chr5,137435561,A,G
chr5,138355995,C,G
chr5,140038871,T,G
chr5,140184888,G,A
chr5,140869545,T,G
chr5,141030534,G,C
chr5,141110470,C,T
chr5,141180333,C,T
chr5,141180800,A,T
chr5,142512581,G,A
chr5,144129049,A,C
chr5,144510351,A,C
chr5,144641345,A,C
chr5,144967736,G,C
chr5,145103303,A,T
chr5,145314110,G,C
chr5,147445239,G,T
chr5,147668602,A,G
chr5,149034904,T,G
chr5,149680811,G,A
chr5,149924093,C,A
chr5,149948707,T,A
chr5,151223001,G,A
chr5,152778928,A,C
chr5,152778932,T,A
chr5,153222222,A,T
chr5,154450016,T,C
chr5,155252891,C,T
chr5,155252895,C,T
chr5,157195621,A,C
chr5,157372039,T,A
chr5,157461945,T,C
chr5,158407649,G,C
chr5,159169615,T,C
chr5,159272309,G,C
chr5,160922293,C,A
chr5,161100510,T,A
chr5,161389028,T,A
chr5,162584489,T,G
chr5,162584509,C,T
chr5,163025394,T,A
chr5,163115301,A,T
chr5,163563517,G,A
chr5,163799429,T,A
chr5,163847999,T,A
chr5,164765978,C,A
chr5,164844942,T,C
chr5,165756057,A,G
chr5,166324630,A,C
chr5,166601013,G,A
chr5,166830725,T,A
chr5,166877575,T,G
chr5,167263270,A,T
chr5,167263360,GA,G
chr5,167433054,G,A
chr5,169281521,A,T
chr5,169281622,A,T
chr5,171218474,A,T
chr5,171808520,G,A
chr5,171808536,G,A
chr5,171985277,C,A
chr5,172963770,T,A
chr5,173996738,A,T
chr5,174167563,C,T
chr5,175371611,C,T
chr5,175371900,T,C
chr5,176388569,C,G
chr5,180059452,T,C
chr6,284711,G,T
chr6,2060095,G,T
chr6,2253678,A,T
chr6,3514650,A,G
chr6,3967049,G,C
chr6,5770505,A,G
chr6,6555674,G,T
chr6,7151773,A,T
chr6,7328347,C,T
chr6,7985567,G,T
chr6,8225855,G,A
chr6,8817924,C,A
chr6,9896918,C,T
chr6,10109054,A,T
chr6,10109074,T,C
chr6,10618871,A,C
chr6,10702487,C,A
chr6,11735123,A,G
chr6,11735125,A,C
chr6,11735145,G,C
chr6,12855896,T,G
chr6,13259370,A,T
chr6,13370256,T,C
chr6,13370547,T,G
chr6,13557278,A,G
chr6,13868627,T,G
chr6,13884175,A,G
chr6,14826899,G,C
chr6,16718513,G,T
chr6,18637842,T,C
chr6,18840239,G,C
chr6,18840432,C,T
chr6,20302912,G,A
chr6,20365483,C,A
chr6,22516327,A,C
chr6,22594770,G,T
chr6,22686002,T,C
chr6,22842111,A,G
chr6,22842370,A,C
chr6,23197742,T,G
chr6,23198032,A,C
chr6,23335639,A,C
chr6,23965516,G,T
chr6,25380067,C,A
chr6,25639938,C,T
chr6,26482508,T,C
chr6,27033040,T,A
chr6,27035704,C,T
chr6,27688730,A,T
chr6,27821846,A,T
chr6,28261633,G,A
chr6,29157486,A,T
chr6,29637119,C,T
chr6,29976089,G,A
chr6,29976170,G,A
chr6,29976193,G,A
chr6,29976407,C,T
chr6,31394840,C,G
chr6,31638078,A,T
chr6,31638099,G,T
chr6,33545270,G,T
chr6,34717958,G,A
chr6,36133483,A,T
chr6,38176195,A,G
chr6,38603194,A,G
chr6,39280130,C,T
chr6,39489520,T,G
chr6,39907520,T,C
chr6,40175399,A,C
chr6,40375473,A,G
chr6,43172976,C,A
chr6,44014034,G,C
chr6,44043904,C,T
chr6,45648327,C,A
chr6,46217838,T,A
chr6,46473090,T,G
chr6,47171173,C,T
chr6,47296528,A,G
chr6,49988107,T,G
chr6,50045414,C,T
chr6,50045435,C,T
chr6,50045468,C,T
chr6,50861653,A,C
chr6,51086633,G,A
chr6,51086653,A,C
chr6,51273512,C,G
chr6,52262252,C,G
chr6,52286603,G,T
chr6,52527060,T,A
chr6,52684884,A,C
chr6,52684886,G,T
chr6,53252419,C,A
chr6,53252440,A,G
chr6,53667287,G,C
chr6,55963627,G,A
chr6,55963929,C,T
chr6,56005159,A,G
chr6,56379305,T,C
chr6,56896626,T,G
chr6,60823362,C,G
chr6,60872706,A,C
chr6,60997723,T,C
chr6,60997811,A,G
chr6,61223952,A,G
chr6,61675945,A,C
chr6,62386065,T,C
chr6,62386085,T,C
chr6,62721922,C,G
chr6,62873359,A,T
chr6,63147170,G,C
chr6,63971776,T,C
chr6,64229999,A,G
chr6,64454869,C,G
chr6,67141282,T,A
chr6,69009104,G,T
chr6,69119153,G,A
chr6,70524658,G,C
chr6,70704017,G,C
chr6,70740043,T,A
chr6,71846197,G,C
chr6,72402993,A,C
chr6,74061673,T,C
chr6,74125609,T,C
chr6,74125611,T,A
chr6,74493914,C,G
chr6,74493934,A,G
chr6,74591629,C,A
chr6,75100833,A,T
chr6,77317160,A,G
chr6,77645038,T,A
chr6,78542312,T,A
chr6,80041441,A,C
chr6,80371562,C,T
chr6,81062727,C,G
chr6,81393597,T,C
chr6,83068091,C,G
chr6,83253693,C,A
chr6,83484836,T,C
chr6,84371972,A,C
chr6,84400844,G,A
chr6,84449305,A,G
chr6,84549001,A,C
chr6,84911866,A,T
chr6,85493385,G,C
chr6,86008069,C,T
chr6,86008111,G,A
chr6,86008115,G,A
chr6,86949484,T,C
chr6,87662055,T,G
chr6,88879596,A,T
chr6,88940468,T,G
chr6,89650726,A,T
chr6,89977058,T,C
chr6,90401004,G,A
chr6,91019116,T,C
chr6,91082775,A,G
chr6,92048274,C,G
chr6,93009115,A,G
chr6,93009160,C,T
chr6,93047042,A,C
chr6,94467076,G,T
chr6,94592738,G,A
chr6,94639000,A,T
chr6,95345538,A,G
chr6,96381667,T,G
chr6,96772312,C,T
chr6,96783766,C,T
chr6,96887505,G,T
chr6,97284460,T,C
chr6,97717395,A,G
chr6,97717415,G,C
chr6,97719418,A,G
chr6,97741351,T,C
chr6,97968945,A,C
chr6,97969271,A,T
chr6,98054886,G,A
chr6,99756617,A,G
chr6,99799609,G,T
chr6,99855639,G,T
chr6,101557029,A,C
chr6,102514506,A,T
chr6,103118713,G,C
chr6,103118718,G,A
chr6,103299265,T,G
chr6,103321966,T,A
chr6,103914082,A,C
chr6,103940970,C,A
chr6,105193736,C,G
chr6,105514318,T,C
chr6,106326227,G,C
chr6,107366211,G,C
chr6,108094120,A,G
chr6,108580967,C,T
chr6,109143998,A,G
chr6,109641075,TA,T
chr6,109938761,T,A
chr6,111099233,G,C
chr6,111693305,C,T
chr6,113492818,C,T
chr6,114548912,T,G
chr6,115510818,A,T
chr6,115510835,G,T
chr6,115776772,C,T
chr6,117909932,T,G
chr6,118129673,G,T
chr6,118823638,T,A
chr6,119993265,T,G
chr6,120131067,A,G
chr6,120185844,G,C
chr6,120245092,T,G
chr6,121177218,T,C
chr6,122802167,C,T
chr6,123605093,A,T
chr6,123605103,A,T
chr6,123994713,A,T
chr6,124945935,T,G
chr6,125247034,C,G
chr6,125267404,C,T
chr6,126014583,G,T
chr6,126747838,T,C
chr6,126758734,T,C
chr6,127097836,C,T
chr6,127149154,C,T
chr6,129162306,T,C
chr6,129739730,T,C
chr6,129748844,G,C
chr6,129755722,G,C
chr6,130518706,T,C
chr6,130824953,A,G
chr6,131176595,A,C
chr6,131468852,G,T
chr6,132081975,T,C
chr6,132416532,T,A
chr6,132697985,T,A
chr6,132897822,G,A
chr6,133701785,C,T
chr6,134919578,A,G
chr6,136031970,G,A
chr6,136190218,C,A
chr6,137891824,A,G
chr6,138035614,T,C
chr6,138035880,A,G
chr6,138035925,G,A
chr6,138083683,G,C
chr6,138584927,A,T
chr6,138604564,C,A
chr6,138800214,G,T
chr6,138804057,C,T
chr6,139464557,T,A
chr6,140632294,G,A
chr6,143170902,A,T
chr6,143227920,C,A
chr6,144202914,T,A
chr6,145534071,T,C
chr6,146044799,A,G
chr6,148022369,G,A
chr6,148548604,G,A
chr6,149166945,T,G
chr6,149270092,T,A
chr6,149381975,G,A
chr6,149384579,T,C
chr6,152795456,C,T
chr6,153159784,T,C
chr6,153168184,A,C
chr6,153948177,A,T
chr6,153948267,T,C
chr6,154044668,T,A
chr6,154764229,A,G
chr6,155248504,G,C
chr6,155506421,T,A
chr6,156902277,A,C
chr6,157512991,T,C
chr6,157526026,A,C
chr6,159624968,A,T
chr6,160235869,T,G
chr6,160918609,T,C
chr6,161049593,G,A
chr6,161661096,C,A
chr6,162087295,A,C
chr6,162088021,T,C
chr6,162136643,A,C
chr6,164145289,A,T
chr6,164493272,A,C
chr6,165110304,C,T
chr6,165583668,G,C
chr6,165583674,T,C
chr6,165824631,A,T
chr6,166151741,T,C
chr6,166652854,C,T
chr6,167685134,C,G
chr6,168132381,G,T
chr6,168691003,T,G
chr6,168839138,G,A
chr6,169326444,T,G
chr6,169366055,C,A
chr6,169733754,G,A
chr6,170215567,G,A
chr6,170215684,G,C
chr7,1091662,A,C
chr7,1283216,G,C
chr7,1541548,A,T
chr7,2290620,C,A
chr7,2967491,A,G
chr7,3162663,G,A
chr7,3391882,C,G
chr7,3391902,C,T
chr7,3543596,C,A
chr7,3735922,A,G
chr7,3924503,C,T
chr7,3924507,T,C
chr7,4072020,C,T
chr7,5121662,C,G
chr7,5336271,G,C
chr7,6356069,A,G
chr7,7523888,C,G
chr7,8176270,C,T
chr7,8179938,C,A
chr7,8342227,T,G
chr7,8426757,T,G
chr7,8906312,A,C
chr7,9588277,A,G
chr7,9588436,C,T
chr7,9988055,G,A
chr7,10329211,T,C
chr7,11300401,T,A
chr7,11550525,G,C
chr7,11550587,C,T
chr7,12274086,G,T
chr7,14976862,G,T
chr7,15352133,A,G
chr7,15398945,C,T
chr7,16285692,A,C
chr7,16776958,A,G
chr7,17068216,G,C
chr7,17365372,G,C
chr7,18761311,G,T
chr7,18784839,C,T
chr7,19335147,CCTTCTTC,CCTTC
chr7,19875117,T,A
chr7,20590016,T,C
chr7,20865861,C,T
chr7,22454041,T,G
chr7,22454064,A,G
chr7,24901863,T,C
chr7,25280574,A,T
chr7,25451993,C,T
chr7,25602895,T,C
chr7,25850283,T,G
chr7,25939733,G,T
chr7,26068583,T,A
chr7,26441095,T,A
chr7,26682397,G,T
chr7,26977840,A,C
chr7,27179201,G,C
chr7,28052070,G,A
chr7,28122434,G,T
chr7,28279388,T,A
chr7,28342099,A,G
chr7,29402802,C,A
chr7,29960930,G,A
chr7,30112532,G,T
chr7,30492998,T,A
chr7,31329571,C,T
chr7,31559698,A,T
chr7,31590873,G,A
chr7,31590975,G,T
chr7,31591233,A,T
chr7,33252922,C,G
chr7,33256336,T,G
chr7,34311382,G,T
chr7,34841337,G,T
chr7,35014688,A,C
chr7,35595704,A,C
chr7,36122993,T,C
chr7,36286275,G,T
chr7,36432914,C,T
chr7,36887896,A,G
chr7,37874125,A,T
chr7,37874183,T,G
chr7,37889966,T,G
chr7,38062610,A,C
chr7,38062632,T,C
chr7,38845378,T,A
chr7,38920397,A,T
chr7,39092349,C,T
chr7,39234605,C,A
chr7,39971352,G,A
chr7,39971407,C,G
chr7,40037257,G,C
chr7,40037277,G,A
chr7,40834091,T,G
chr7,41303048,C,T
chr7,42171685,A,C
chr7,42461594,G,T
chr7,42517205,T,A
chr7,42517225,C,T
chr7,43736890,T,G
chr7,43919335,G,T
chr7,45315955,T,C
chr7,46871105,G,A
chr7,46965094,G,T
chr7,47292590,A,G
chr7,47396131,A,C
chr7,47650863,G,A
chr7,48156878,C,A
chr7,48156933,G,C
chr7,50516854,A,C
chr7,51295388,C,A
chr7,52065010,T,C
chr7,52625891,A,C
chr7,52682764,G,A
chr7,52972230,A,G
chr7,53612252,C,A
chr7,54212428,T,A
chr7,54449396,T,G
chr7,54449482,G,T
chr7,54580275,G,A
chr7,55623009,G,C
chr7,57272439,T,C
chr7,57663165,A,T
chr7,58079987,A,G
chr7,62232127,A,G
chr7,62826893,C,G
chr7,64683877,C,T
chr7,64965253,G,T
chr7,66241635,T,C
chr7,66873269,C,A
chr7,68036388,G,A
chr7,68198907,G,C
chr7,69015915,C,A
chr7,71325650,T,C
chr7,72112293,T,C
chr7,72379707,C,G
chr7,74482376,T,C
chr7,74702649,A,G
chr7,76825791,C,T
chr7,77956301,G,T
chr7,78105114,G,A
chr7,78282057,T,A
chr7,78617825,T,C
chr7,79654868,C,A
chr7,80016078,C,T
chr7,80984373,C,T
chr7,81140606,A,T
chr7,82532699,A,G
chr7,83580202,A,T
chr7,84210995,C,A
chr7,84381658,C,G
chr7,85101837,A,T
chr7,85114600,A,T
chr7,85614306,T,A
chr7,85882817,A,G
chr7,85882958,C,T
chr7,86025119,T,C
chr7,86405643,C,A
chr7,86685931,A,G
chr7,86917596,A,T
chr7,87126339,T,G
chr7,87462437,T,C
chr7,87464622,A,T
chr7,87660947,A,T
chr7,89172784,A,G
chr7,89341259,T,A
chr7,89787194,T,G
chr7,89980683,T,A
chr7,90152878,T,C
chr7,90201747,A,G
chr7,90804412,A,T
chr7,92798565,T,C
chr7,94696880,T,G
chr7,94971962,T,C
chr7,97197463,A,G
chr7,97555695,T,C
chr7,98082620,A,G
chr7,98209792,C,G
chr7,99821862,T,A
chr7,100947010,G,T
chr7,102235120,A,G
chr7,103217630,T,A
chr7,103217650,G,C
chr7,103468987,A,G
chr7,104514369,T,C
chr7,104514402,A,G
chr7,104880058,G,T
chr7,105179032,T,C
chr7,105210938,G,C
chr7,106736383,T,G
chr7,106801226,C,T
chr7,106801248,C,T
chr7,107894745,T,C
chr7,109969699,A,G
chr7,110154673,A,C
chr7,110265868,T,A
chr7,110309757,G,C
chr7,110936814,G,T
chr7,111787720,A,C
chr7,113345599,G,C
chr7,114317037,C,G
chr7,114317251,C,T
chr7,114761347,T,C
chr7,117779504,C,A
chr7,118467233,C,T
chr7,118479205,G,T
chr7,120677334,G,T
chr7,120878465,T,C
chr7,122119456,T,C
chr7,122298295,G,A
chr7,122366646,C,T
chr7,123769276,T,G
chr7,124118332,A,G
chr7,124410366,T,C
chr7,124892662,C,T
chr7,124892745,T,C
chr7,125808966,A,C
chr7,127571452,G,T
chr7,128564281,T,C
chr7,128936468,G,T
chr7,128963740,G,T
chr7,129354880,G,T
chr7,130273367,C,T
chr7,130838297,C,T
chr7,131610263,A,C
chr7,131610539,G,A
chr7,131751037,A,C
chr7,131820826,C,A
chr7,131820827,C,G
chr7,132404616,C,G
chr7,132704369,T,C
chr7,133289038,T,C
chr7,133397553,C,A
chr7,135196319,C,T
chr7,135432016,T,C
chr7,136866734,T,C
chr7,137419263,G,A
chr7,139500703,C,A
chr7,139673718,C,A
chr7,140343786,C,A
chr7,140507481,G,T
chr7,140952732,T,C
chr7,141015192,G,T
chr7,141173357,A,G
chr7,141815604,T,A
chr7,147022232,G,A
chr7,151738749,A,T
chr7,153523185,T,G
chr7,153881331,A,G
chr7,154715731,A,G
chr7,154826583,G,T
chr7,154908855,G,A
chr7,154990669,G,A
chr7,155194258,A,G
chr7,155388804,C,G
chr7,157155051,G,C
chr7,158474869,G,A
chr7,158475010,G,A
chr7,158672901,T,C
chr7,158795096,T,C
chr7,159297317,G,A
chr7,159297474,G,T
chr8,337897,G,A
chr8,1546379,A,G
chr8,1546401,C,T
chr8,1710418,A,G
chr8,1710439,A,G
chr8,1710444,A,T
chr8,2142968,C,A
chr8,2143260,C,T
chr8,2944084,G,C
chr8,4193745,A,G
chr8,4377603,A,C
chr8,6070443,T,G
chr8,6083604,G,A
chr8,9228230,AC,A
chr8,9635619,T,C
chr8,11672855,G,T
chr8,12579577,A,C
chr8,12579587,A,G
chr8,12829033,C,G
chr8,12848103,C,A
chr8,13115395,G,T
chr8,14815432,G,A
chr8,15045285,C,T
chr8,15045644,G,A
chr8,17597754,A,G
chr8,18177814,C,G
chr8,18602785,A,C
chr8,19022845,A,G
chr8,19136801,C,T
chr8,19636545,C,T
chr8,20059025,A,C
chr8,20670651,A,T
chr8,21694618,C,G
chr8,21877172,C,T
chr8,22415661,G,C
chr8,23076348,C,T
chr8,24400279,G,T
chr8,24788633,A,C
chr8,24932556,A,C
chr8,25407811,A,C
chr8,27621745,A,T
chr8,27928055,T,C
chr8,28616897,C,G
chr8,28960445,C,G
chr8,29214059,T,A
chr8,29357546,A,G
chr8,29708947,C,T
chr8,29708948,C,T
chr8,29708958,C,T
chr8,30416143,T,G
chr8,30606480,G,T
chr8,31282812,T,A
chr8,31802873,G,T
chr8,31870436,T,C
chr8,31951046,A,T
chr8,32083935,A,C
chr8,32976929,C,A
chr8,33842304,A,G
chr8,34582761,T,C
chr8,34671596,C,A
chr8,35133411,T,A
chr8,35296049,A,C
chr8,35471581,C,A
chr8,35471673,A,G
chr8,35544262,C,A
chr8,35617627,C,A
chr8,35789112,A,G
chr8,36047740,C,A
chr8,36085948,G,T
chr8,36953055,G,A
chr8,36981281,G,C
chr8,37378177,C,A
chr8,37624174,C,G
chr8,37624198,A,G
chr8,37624214,G,A
chr8,37624237,T,G
chr8,39468817,T,G
chr8,39944234,C,T
chr8,40245536,T,G
chr8,40567284,A,T
chr8,40567304,G,A
chr8,41130517,G,T
chr8,41441197,A,G
chr8,41545747,G,A
chr8,41599903,C,A
chr8,41815963,T,A
chr8,42386909,T,G
chr8,46135362,T,A
chr8,48416054,G,C
chr8,48918321,A,C
chr8,48938365,T,C
chr8,49393735,T,C
chr8,50170349,A,T
chr8,50979571,T,A
chr8,51032056,C,T
chr8,51118259,A,G
chr8,51140079,C,T
chr8,51937420,T,C
chr8,52192006,C,A
chr8,53414172,G,A
chr8,55118276,T,G
chr8,56314558,C,A
chr8,56692037,C,T
chr8,57245939,A,T
chr8,57578423,G,T
chr8,58417713,A,G
chr8,58544508,A,G
chr8,59263711,T,C
chr8,59302092,T,G
chr8,60014895,T,C
chr8,61122621,G,C
chr8,61728340,C,A
chr8,62931034,T,G
chr8,63449279,T,A
chr8,64426504,G,A
chr8,67045922,A,G
chr8,67245619,A,G
chr8,67526314,C,T
chr8,67753686,A,T
chr8,68231626,G,C
chr8,68485379,T,A
chr8,69696029,T,C
chr8,69698083,G,T
chr8,69698084,C,T
chr8,71205775,T,C
chr8,71224919,G,C
chr8,71259666,T,C
chr8,71536630,C,T
chr8,71579469,T,C
chr8,71613917,G,A
chr8,72594853,A,C
chr8,73642078,A,C
chr8,73991476,T,G
chr8,74296316,T,A
chr8,75460497,A,T
chr8,75777553,C,A
chr8,76166281,T,C
chr8,76199688,T,G
chr8,76463509,T,C
chr8,76574691,A,T
chr8,78382293,C,A
chr8,78403884,T,C
chr8,79115236,G,C
chr8,79118376,T,A
chr8,79448380,A,C
chr8,80061796,A,C
chr8,80955728,A,T
chr8,83074104,G,A
chr8,83074167,C,G
chr8,83616807,A,T
chr8,86471880,T,G
chr8,86528557,G,A
chr8,86850572,C,G
chr8,87254523,T,C
chr8,89312169,G,A
chr8,89312174,C,G
chr8,89382004,T,G
chr8,90514021,A,G
chr8,90721586,A,T
chr8,91004099,T,A
chr8,92682287,G,T
chr8,93644841,T,C
chr8,93645192,T,A
chr8,94903022,A,G
chr8,95464042,G,A
chr8,95486947,G,A
chr8,95536882,G,C
chr8,96100890,T,A
chr8,96999034,C,T
chr8,97219516,A,G
chr8,97894053,C,G
chr8,98863104,G,A
chr8,99300771,C,G
chr8,99402275,A,C
chr8,99597545,T,G
chr8,100138233,A,C
chr8,101334831,C,A
chr8,103048580,C,T
chr8,103350773,T,C
chr8,105875090,A,G
chr8,106781562,A,C
chr8,109208044,C,G
chr8,109340644,T,G
chr8,110102438,T,G
chr8,111862436,C,T
chr8,112724973,T,G
chr8,112764890,G,A
chr8,112817829,C,T
chr8,112935189,A,G
chr8,113232824,G,A
chr8,113339517,A,T
chr8,113638704,G,T
chr8,114176662,T,A
chr8,114792456,T,A
chr8,115684199,T,A
chr8,115876382,G,T
chr8,116186593,T,G
chr8,116257293,C,G
chr8,116484041,G,A
chr8,116484457,A,C
chr8,116571232,C,A
chr8,117044218,C,T
chr8,117698972,T,C
chr8,117816469,C,G
chr8,117973428,G,T
chr8,118209263,C,G
chr8,118288336,T,A
chr8,118791145,T,A
chr8,120633103,T,G
chr8,121531316,G,C
chr8,121757317,T,C
chr8,122466506,T,C
chr8,122959580,T,C
chr8,123846559,T,G
chr8,124072952,G,A
chr8,124325429,A,G
chr8,124676774,A,T
chr8,125291710,G,T
chr8,125294755,T,G
chr8,125923985,A,T
chr8,126171077,C,T
chr8,127180139,T,C
chr8,127240739,T,A
chr8,127518581,C,T
chr8,128390043,G,T
chr8,128431642,A,T
chr8,128515520,T,A
chr8,128650885,T,C
chr8,129748916,A,T
chr8,130015092,A,G
chr8,130615947,T,C
chr8,130683815,C,T
chr8,130683821,A,G
chr8,130776115,A,T
chr8,130901361,G,A
chr8,131415756,A,G
chr8,132594285,A,C
chr8,132632602,T,C
chr8,134732200,C,T
chr8,134732217,G,A
chr8,135481863,A,C
chr8,136135740,C,A
chr8,136135760,T,A
chr8,136573409,G,T
chr8,136782741,C,T
chr8,137155535,TA,T
chr8,137712405,T,C
chr8,137878733,G,T
chr8,138859887,A,G
chr8,138911337,T,C
chr8,138911362,G,A
chr8,139223182,A,C
chr8,140291244,T,G
chr8,141441446,A,T
chr8,141839350,G,C
chr8,142071149,A,T
chr8,142188079,T,A
chr8,142792815,T,C
chr8,142868512,C,T
chr8,143092660,C,G
chr8,143587222,G,A
chr9,886801,C,G
chr9,1403178,T,A
chr9,1535640,A,G
chr9,1535676,T,A
chr9,1535714,G,T
chr9,1702108,A,G
chr9,2394063,G,A
chr9,2575918,A,C
chr9,2790539,T,C
chr9,2818755,C,T
chr9,5126406,A,T
chr9,5747072,T,C
chr9,6122816,A,G
chr9,6973103,T,C
chr9,6973145,T,C
chr9,6973303,A,G
chr9,7466120,A,T
chr9,8008684,A,C
chr9,8071100,G,T
chr9,8253443,C,A
chr9,8555156,C,T
chr9,8945095,C,G
chr9,10761500,G,C
chr9,11270091,C,T
chr9,11368883,T,C
chr9,13366711,G,A
chr9,13366718,A,C
chr9,13437710,A,T
chr9,13812686,G,T
chr9,14968982,C,A
chr9,14990207,C,T
chr9,14990761,G,C
chr9,15240814,A,C
chr9,15359944,G,T
chr9,16418933,G,C
chr9,17037463,T,C
chr9,17454595,G,A
chr9,17700377,G,A
chr9,18267693,T,G
chr9,18460730,T,C
chr9,18507617,T,A
chr9,18767267,T,G
chr9,19319856,A,T
chr9,20101605,G,T
chr9,20399757,G,A
chr9,20427113,A,T
chr9,21747467,A,C
chr9,23729228,G,C
chr9,24554154,C,A
chr9,24892258,A,C
chr9,25418898,G,A
chr9,25418957,T,G
chr9,25418958,A,G
chr9,25418992,T,A
chr9,25419358,A,T
chr9,25784879,T,C
chr9,25883877,G,T
chr9,25920843,C,A
chr9,26154379,T,C
chr9,26202483,C,T
chr9,26523883,A,C
chr9,27066923,C,G
chr9,28317063,T,A
chr9,28332272,G,A
chr9,28332292,C,A
chr9,28647100,C,T
chr9,30759445,C,T
chr9,30998695,A,G
chr9,31822521,G,A
chr9,31822541,A,G
chr9,31845506,G,C
chr9,32427467,T,C
chr9,33344254,T,A
chr9,34071566,T,G
chr9,34243143,T,G
chr9,35830439,T,C
chr9,36007259,T,C
chr9,36552348,G,A
chr9,36993917,C,A
chr9,37839529,C,T
chr9,43188230,A,G
chr9,43188246,T,C
chr9,43188269,T,A
chr9,65060403,C,T
chr9,66797815,G,A
chr9,68639141,C,G
chr9,68948689,A,C
chr9,70453762,G,T
chr9,70952898,A,G
chr9,71912386,T,A
chr9,71992738,C,A
chr9,72396636,G,A
chr9,73122288,G,A
chr9,73138574,A,T
chr9,74081348,T,A
chr9,74157130,C,G
chr9,74624227,G,A
chr9,75191665,C,G
chr9,75286531,G,T
chr9,75446158,T,C
chr9,77321244,A,T
chr9,77670235,T,A
chr9,79398889,A,G
chr9,79595774,C,G
chr9,79762694,T,G
chr9,80568167,TTAT,TT
chr9,80897992,A,G
chr9,80962298,C,T
chr9,82086772,T,C
chr9,82988143,A,T
chr9,83676364,A,T
chr9,84788175,A,G
chr9,85028414,A,T
chr9,85674434,A,C
chr9,86578901,A,G
chr9,87430707,G,A
chr9,88842274,T,G
chr9,88873810,C,T
chr9,89276568,A,C
chr9,89325799,A,T
chr9,89846203,C,G
chr9,89976648,G,T
chr9,90541990,C,A
chr9,91019865,G,A
chr9,91019899,C,T
chr9,91607965,C,T
chr9,91784423,T,A
chr9,96663256,T,C
chr9,96663266,T,C
chr9,96663286,T,C
chr9,96774188,T,A
chr9,96774194,C,A
chr9,97511892,A,G
chr9,98228462,C,G
chr9,98851432,A,C
chr9,99271802,G,A
chr9,100781320,A,T
chr9,101952214,C,T
chr9,101965082,C,T
chr9,102193381,T,A
chr9,102274381,T,A
chr9,102985605,C,T
chr9,104102581,A,G
chr9,104420507,T,C
chr9,105045312,A,C
chr9,106827700,G,A
chr9,106827706,G,A
chr9,107105806,C,A
chr9,108266633,T,A
chr9,108940614,T,C
chr9,109105320,C,G
chr9,111178875,T,A
chr9,111657587,T,C
chr9,112344559,T,G
chr9,112833987,G,T
chr9,113011603,T,A
chr9,113229869,T,G
chr9,114025921,C,G
chr9,114305239,C,T
chr9,114366350,A,G
chr9,114739288,G,A
chr9,116025274,A,C
chr9,116477474,G,A
chr9,116851633,C,T
chr9,117077357,G,A
chr9,117848656,T,C
chr9,118103275,A,G
chr9,118232710,T,G
chr9,118232730,T,G
chr9,118232734,A,G
chr9,119131141,T,G
chr9,119404444,T,G
chr9,121427734,G,A
chr9,121641490,C,T
chr9,123014149,G,A
chr9,123043448,T,C
chr9,123268306,G,T
chr9,126069467,T,A
chr9,126154644,G,C
chr9,128091159,G,T
chr9,128977767,C,G
chr9,129439601,T,C
chr9,130462631,G,C
chr9,130544387,C,G
chr9,132545295,G,A
chr9,132545460,C,T
chr9,133189364,G,C
chr9,133309386,A,G
chr9,133309565,C,A
chr9,133317904,G,C
chr9,133317918,G,C
chr9,133317919,C,A
chr9,133317921,A,C
chr9,134231318,C,G
chr9,135623078,C,A
chr9,137332217,C,G
chr10,1124786,G,T
chr10,1144876,C,G
chr10,1295973,G,A
chr10,1344968,C,A
chr10,1606092,A,C
chr10,1647798,G,T
chr10,1899522,C,T
chr10,2701757,A,G
chr10,2830331,T,G
chr10,2838010,C,T
chr10,2914366,G,A
chr10,4241433,C,T
chr10,4281317,A,C
chr10,4384309,C,T
chr10,4384329,A,T
chr10,4733579,C,A
chr10,4767928,C,T
chr10,5923221,A,G
chr10,6706183,T,C
chr10,6769731,C,G
chr10,8473339,C,A
chr10,9068647,A,G
chr10,9428662,T,C
chr10,9764288,T,A
chr10,10585364,C,T
chr10,13894666,A,G
chr10,15527914,T,C
chr10,16261878,C,T
chr10,16381895,A,G
chr10,18293194,C,A
chr10,18411917,C,G
chr10,18525827,T,C
chr10,18676953,G,T
chr10,22105645,T,A
chr10,23108794,G,A
chr10,24010526,T,G
chr10,24483313,C,A
chr10,25943710,T,A
chr10,26667495,C,A
chr10,27564328,T,C
chr10,27823127,G,C
chr10,28052000,T,G
chr10,28425093,T,G
chr10,29042040,A,G
chr10,29498509,G,T
chr10,29917820,T,C
chr10,30146283,G,T
chr10,30755548,A,G
chr10,30845851,G,A
chr10,31382265,A,C
chr10,31927928,A,G
chr10,33730682,A,T
chr10,34827190,C,A
chr10,35130772,A,T
chr10,35394441,A,C
chr10,35636115,T,C
chr10,36566215,A,C
chr10,36566236,T,G
chr10,37858134,A,G
chr10,38962368,C,G
chr10,38962450,A,C
chr10,38962562,C,G
chr10,38962590,G,T
chr10,38962614,C,A
chr10,38962655,G,A
chr10,38962657,G,A
chr10,39491775,C,T
chr10,41905471,T,G
chr10,41905478,G,A
chr10,41905487,A,T
chr10,41905497,T,C
chr10,41905498,G,A
chr10,41905517,A,T
chr10,41905577,A,G
chr10,41905774,G,A
chr10,42070582,G,C
chr10,42083524,G,T
chr10,42083539,T,A
chr10,42083846,G,A
chr10,42083847,G,T
chr10,42083914,G,T
chr10,42083917,A,G
chr10,42090406,T,C
chr10,42090480,C,T
chr10,45509301,C,T
chr10,46287173,G,T
chr10,46462519,G,C
chr10,47072732,T,A
chr10,48678180,G,T
chr10,48978401,A,C
chr10,49202464,T,TTATGA
chr10,49258178,T,A
chr10,49258179,A,T
chr10,50530315,A,G
chr10,51658280,G,T
chr10,53123932,A,G
chr10,53123992,G,T
chr10,53124025,C,T
chr10,53124322,C,T
chr10,53124329,G,C
chr10,53124352,G,C
chr10,54580160,A,T
chr10,55521893,C,G
chr10,58456332,C,A
chr10,58923250,A,G
chr10,59794783,C,T
chr10,60998682,A,T
chr10,60998702,C,G
chr10,62004279,G,A
chr10,62583221,A,C
chr10,62852895,C,G
chr10,63762010,A,G
chr10,65737859,T,A
chr10,65785039,G,A
chr10,68365667,G,C
chr10,68365687,T,G
chr10,69731104,C,T
chr10,70517668,C,G
chr10,70915367,C,A
chr10,71528902,T,A
chr10,71528922,G,C
chr10,72291734,G,C
chr10,72381281,T,C
chr10,73290218,C,T
chr10,73993922,C,T
chr10,75524648,T,A
chr10,75538309,G,A
chr10,76460081,A,T
chr10,76514519,A,T
chr10,76689445,A,T
chr10,76729786,T,G
chr10,77768560,T,G
chr10,77825089,C,T
chr10,78999030,C,G
chr10,80613225,C,T
chr10,81051167,T,C
chr10,81481685,T,G
chr10,85351702,G,A
chr10,85607461,A,T
chr10,86244798,A,T
chr10,86700547,A,C
chr10,86819968,A,C
chr10,87163478,C,T
chr10,87375972,G,C
chr10,87716398,G,C
chr10,88234549,G,T
chr10,88290211,G,C
chr10,88372681,C,G
chr10,89062070,A,T
chr10,89452379,T,G
chr10,90396882,C,T
chr10,90570154,T,A
chr10,91287796,G,C
chr10,92499921,A,T
chr10,92557205,G,A
chr10,92719023,G,C
chr10,93123948,A,G
chr10,93123949,G,T
chr10,93123971,C,T
chr10,93711581,T,C
chr10,93711801,G,A
chr10,93836206,G,T
chr10,93852684,T,C
chr10,93917398,A,T
chr10,94178436,A,T
chr10,95268130,C,G
chr10,98300608,T,C
chr10,98677396,T,C
chr10,99128707,T,A
chr10,99264529,A,C
chr10,101055986,T,A
chr10,101226923,A,T
chr10,101540015,A,C
chr10,102770133,T,C
chr10,103557184,C,G
chr10,103728379,A,T
chr10,103728414,G,A
chr10,106017984,A,G
chr10,107075446,A,T
chr10,108425837,T,C
chr10,108827684,T,C
chr10,109423302,A,G
chr10,109790865,T,A
chr10,109871847,A,C
chr10,110133489,T,A
chr10,110615097,A,T
chr10,111281773,C,T
chr10,111281775,C,T
chr10,111599685,T,G
chr10,111694943,T,C
chr10,112261769,A,G
chr10,112324266,A,G
chr10,112857379,G,C
chr10,113005642,T,G
chr10,113398796,T,A
chr10,114086532,C,A
chr10,114461892,T,A
chr10,114461896,A,C
chr10,114739747,G,T
chr10,115825535,A,T
chr10,115882773,C,T
chr10,116010287,G,A
chr10,116635479,A,T
chr10,117356421,G,A
chr10,117616805,C,A
chr10,118450641,C,G
chr10,118758243,G,C
chr10,119226292,T,A
chr10,121705461,C,T
chr10,122179371,T,A
chr10,122500038,T,A
chr10,123106473,A,C
chr10,123452578,G,T
chr10,124090584,C,G
chr10,125459155,C,A
chr10,126110625,T,G
chr10,126449564,G,T
chr10,126604518,T,G
chr10,127574488,G,A
chr10,127985145,G,C
chr10,128168793,T,G
chr10,128181909,T,C
chr10,129840650,G,GC
chr10,130244958,A,T
chr10,130500359,G,C
chr10,131008131,C,T
chr10,131008220,T,G
chr10,131782278,G,T
chr10,131879405,G,C
chr10,132116166,T,G
chr10,132675022,G,A
chr11,1206616,C,T
chr11,1744578,T,C
chr11,1838231,C,G
chr11,2605517,T,C
chr11,3293467,T,C
chr11,3293834,G,A
chr11,3760304,A,T
chr11,4353940,A,G
chr11,4353943,C,G
chr11,4353977,T,C
chr11,4353980,C,A
chr11,4353983,G,T
chr11,5735582,A,T
chr11,6497555,C,T
chr11,6737037,A,T
chr11,7011134,T,G
chr11,8274054,A,C
chr11,8274074,T,A
chr11,8348140,C,T
chr11,9398684,T,G
chr11,10795337,C,G
chr11,11127042,GAGCAG,GAG
chr11,11587947,T,G
chr11,11587952,T,A
chr11,11771280,A,C
chr11,12088889,G,A
chr11,12088921,T,A
chr11,12142574,G,C
chr11,12508497,A,T
chr11,12529619,T,G
chr11,12913422,A,T
chr11,13752828,G,T
chr11,15008897,A,C
chr11,16481919,G,A
chr11,16779567,G,A
chr11,16872866,G,A
chr11,18313088,A,G
chr11,18485190,T,C
chr11,18637419,A,C
chr11,18861231,G,A
chr11,20088465,A,T
chr11,20162116,A,T
chr11,21691324,A,G
chr11,22007235,A,C
chr11,22032875,T,A
chr11,22981265,T,A
chr11,25353937,A,T
chr11,25942223,A,G
chr11,25992408,A,T
chr11,26010174,G,T
chr11,26018645,T,A
chr11,26120108,G,T
chr11,26337054,C,G
chr11,26863167,A,G
chr11,27310667,T,A
chr11,27310927,C,T
chr11,27835160,T,G
chr11,28166219,T,C
chr11,28248763,T,G
chr11,28480812,C,A
chr11,29664572,A,G
chr11,30660422,T,G
chr11,30660456,T,A
chr11,30821439,C,T
chr11,31157911,A,T
chr11,31562603,A,G
chr11,33393528,A,T
chr11,34450614,G,C
chr11,34856477,T,G
chr11,36515302,G,C
chr11,38395011,A,C
chr11,38426077,G,A
chr11,38522077,T,C
chr11,39506716,T,G
chr11,39506736,A,C
chr11,40130635,G,C
chr11,40287462,G,A
chr11,41746642,A,C
chr11,42212863,A,C
chr11,42322575,T,C
chr11,42647044,A,G
chr11,43673048,A,G
chr11,44189089,C,T
chr11,45368272,G,T
chr11,45564672,T,C
chr11,47151070,C,A
chr11,48203091,A,G
chr11,48694065,C,T
chr11,49073613,G,T
chr11,49609272,A,C
chr11,55428605,A,C
chr11,56053562,C,T
chr11,56127386,T,G
chr11,56235902,A,T
chr11,56532406,T,C
chr11,56709012,A,G
chr11,60440947,A,T
chr11,60440971,C,T
chr11,60441194,G,A
chr11,61411813,G,A
chr11,61432546,A,G
chr11,61432567,A,T
chr11,61517597,C,A
chr11,61547348,C,G
chr11,62167672,A,T
chr11,63054966,G,A
chr11,63066076,T,A
chr11,64069752,A,T
chr11,64106727,A,T
chr11,64376195,A,C
chr11,65569012,G,T
chr11,65842248,A,T
chr11,66929809,G,A
chr11,67517352,T,A
chr11,69561942,T,A
chr11,69653051,A,T
chr11,70319681,G,C
chr11,71849611,T,A
chr11,72009317,T,A
chr11,72160965,A,G
chr11,73207765,T,C
chr11,75116232,G,A
chr11,75116545,T,C
chr11,75230754,C,G
chr11,75250415,C,G
chr11,75250420,T,C
chr11,75561671,C,G
chr11,75608780,A,G
chr11,75989688,T,A
chr11,78086761,G,C
chr11,79187305,T,C
chr11,79593462,C,T
chr11,80716632,A,C
chr11,81087842,T,A
chr11,81546024,T,G
chr11,82081170,C,A
chr11,82188784,A,G
chr11,82639493,C,CT
chr11,82974536,G,A
chr11,83348598,T,A
chr11,83428036,C,G
chr11,83922562,T,G
chr11,85690697,A,C
chr11,85866182,T,A
chr11,87181487,A,T
chr11,89218791,G,A
chr11,90860628,T,A
chr11,91034851,C,T
chr11,91457548,A,T
chr11,91529260,C,G
chr11,91888808,T,G
chr11,92491686,C,G
chr11,93380925,A,C
chr11,93491937,T,A
chr11,94238982,T,C
chr11,94708908,C,A
chr11,96231699,G,T
chr11,96322194,T,G
chr11,96658785,A,G
chr11,96781647,T,C
chr11,97553540,G,T
chr11,99781016,G,A
chr11,100991862,A,G
chr11,101210304,C,A
chr11,101386547,C,T
chr11,101626430,T,G
chr11,101626450,T,A
chr11,103054883,T,C
chr11,103276590,A,T
chr11,103549133,A,G
chr11,103549153,G,T
chr11,105540351,A,T
chr11,106092415,C,T
chr11,106156416,A,T
chr11,106816788,A,C
chr11,107077096,A,G
chr11,107151340,T,A
chr11,107791198,T,G
chr11,108219027,T,G
chr11,108423882,A,C
chr11,108556022,A,T
chr11,108821644,G,T
chr11,109337646,A,C
chr11,109477174,A,G
chr11,110814387,C,G
chr11,110814503,G,A
chr11,111566661,G,A
chr11,113117258,C,A
chr11,113638413,T,C
chr11,114229666,A,T
chr11,115127881,G,A
chr11,115882807,G,T
chr11,115950833,T,G
chr11,116100128,A,AG
chr11,116517824,A,G
chr11,117658533,C,T
chr11,117663347,T,A
chr11,117827941,G,T
chr11,118470183,A,T
chr11,118904103,T,G
chr11,121124546,C,T
chr11,121500071,C,A
chr11,122676938,C,T
chr11,123746739,C,G
chr11,123852610,A,C
chr11,124295018,C,G
chr11,124938859,C,A
chr11,125195324,A,T
chr11,125195630,C,T
chr11,126225624,A,T
chr11,127189426,A,C
chr11,127301839,T,G
chr11,127830055,G,A
chr11,128312341,T,C
chr11,128704047,G,A
chr11,129309600,CTTTTTTTTTTTTTTTTTT,CTTTTTTTTTTTTTTTT
chr11,129800895,G,A
chr11,129801092,G,C
chr11,130400960,T,C
chr11,131036325,C,T
chr11,131103950,T,A
chr11,131470175,T,C
chr11,131857912,C,T
chr11,132984626,T,A
chr11,133445457,C,T
chr11,133658636,T,A
chr12,175861,C,A
chr12,654204,A,T
chr12,1147993,C,A
chr12,2062180,C,T
chr12,2255935,C,T
chr12,2256031,G,A
chr12,3111204,T,C
chr12,4029318,A,G
chr12,5381083,T,G
chr12,5494512,A,T
chr12,5914520,C,G
chr12,5966551,C,A
chr12,6083125,T,C
chr12,6171421,G,C
chr12,6171441,A,G
chr12,6890827,A,G
chr12,7265802,A,T
chr12,7265919,A,G
chr12,8493475,G,A
chr12,8937405,G,T
chr12,10305150,A,T
chr12,10589758,C,T
chr12,10970422,T,C
chr12,11001126,A,G
chr12,12662314,C,T
chr12,12935618,A,G
chr12,12942071,G,C
chr12,13694896,A,G
chr12,13944319,T,G
chr12,14873210,A,C
chr12,14926477,G,C
chr12,15280844,T,A
chr12,15701113,T,C
chr12,16157925,A,T
chr12,17609380,G,A
chr12,17966102,T,A
chr12,18715026,T,A
chr12,19237202,A,C
chr12,19240774,G,T
chr12,19305558,CAAAAAAAAAAAAAAAA,CAAAAAAAAAAAAAAA
chr12,19350493,T,G
chr12,19665379,T,A
chr12,19713357,G,C
chr12,19996031,C,A
chr12,21597273,C,G
chr12,23234236,A,G
chr12,23640218,T,A
chr12,24509598,A,T
chr12,24759338,C,T
chr12,24759583,A,G
chr12,24759643,T,C
chr12,24979552,C,A
chr12,25628294,T,A
chr12,26206148,A,G
chr12,27334459,A,G
chr12,28909488,A,G
chr12,29685308,T,G
chr12,32023865,C,T
chr12,33423556,T,C
chr12,33423559,A,T
chr12,33890860,T,G
chr12,40086655,A,T
chr12,40250244,A,C
chr12,40778941,A,G
chr12,41363765,C,G
chr12,41645493,A,T
chr12,42673914,G,T
chr12,43695053,C,G
chr12,44499367,T,A
chr12,44741049,T,A
chr12,44801957,T,G
chr12,45403113,A,C
chr12,45497916,A,C
chr12,46213850,T,A
chr12,46228630,A,T
chr12,46765098,C,A
chr12,47102755,T,C
chr12,47378400,T,A
chr12,47968563,A,C
chr12,48307696,T,C
chr12,48308019,A,G
chr12,52203352,G,C
chr12,53095517,A,G
chr12,53319826,G,A
chr12,53864157,A,G
chr12,53866761,G,A
chr12,54923078,G,C
chr12,54923104,G,A
chr12,55502509,C,A
chr12,56896766,G,T
chr12,58543852,A,T
chr12,59004300,G,T
chr12,59676237,A,C
chr12,60053352,T,C
chr12,61629032,T,C
chr12,61831985,T,C
chr12,61867085,C,A
chr12,61867288,A,T
chr12,64600454,T,C
chr12,64600474,G,T
chr12,64600478,C,G
chr12,64611231,G,T
chr12,64841898,C,A
chr12,65338493,C,A
chr12,66021721,C,G
chr12,67479691,T,TG
chr12,67920684,G,C
chr12,68239149,G,T
chr12,68373347,G,T
chr12,69716051,T,G
chr12,69716052,A,C
chr12,71402506,C,A
chr12,71628150,G,A
chr12,71919959,C,A
chr12,72627328,A,T
chr12,73328143,C,G
chr12,73605716,A,C
chr12,74600938,A,C
chr12,74619961,T,C
chr12,74620003,C,T
chr12,74620016,A,G
chr12,75172030,A,C
chr12,75410302,A,C
chr12,76405643,G,C
chr12,77960666,C,T
chr12,78473697,GC,G
chr12,78702506,G,C
chr12,78922089,C,T
chr12,79940341,T,A
chr12,80937722,T,C
chr12,81085629,A,T
chr12,81474208,G,A
chr12,81994985,T,G
chr12,82045299,T,C
chr12,82045329,T,C
chr12,82191627,C,G
chr12,82389578,T,C
chr12,82417558,T,A
chr12,83621444,T,A
chr12,84153086,A,T
chr12,84318108,T,G
chr12,84447471,T,A
chr12,85096876,C,G
chr12,85252857,T,C
chr12,85627220,G,A
chr12,86300966,A,C
chr12,86408211,T,C
chr12,87468661,C,G
chr12,87473124,T,C
chr12,88209327,T,G
chr12,88345658,C,T
chr12,88346156,G,A
chr12,89997927,T,C
chr12,90964696,A,T
chr12,91034915,G,T
chr12,93418923,T,C
chr12,93524684,T,C
chr12,94104496,G,C
chr12,94872103,A,G
chr12,96083927,A,G
chr12,96274904,C,T
chr12,97319918,T,A
chr12,97364603,A,T
chr12,97875581,A,C
chr12,97888015,G,A
chr12,98067266,A,T
chr12,100213707,C,A
chr12,102216291,T,A
chr12,102376335,G,T
chr12,103891046,C,T
chr12,105843781,T,C
chr12,106373229,T,A
chr12,106761190,C,T
chr12,106761253,C,T
chr12,106797843,A,C
chr12,107231816,C,T
chr12,107231870,C,T
chr12,107832717,T,C
chr12,108719756,G,A
chr12,110210247,A,G
chr12,110457529,A,G
chr12,110769375,A,C
chr12,111469483,T,G
chr12,112007872,T,A
chr12,112828348,T,G
chr12,113688943,C,T
chr12,113801151,G,C
chr12,113801420,G,A
chr12,114042321,T,G
chr12,115712485,T,G
chr12,116179626,T,G
chr12,118049303,C,G
chr12,118338134,A,C
chr12,119687943,G,T
chr12,120235535,G,C
chr12,121145456,G,A
chr12,121269021,G,C
chr12,121469262,A,G
chr12,121568504,A,C
chr12,121670362,A,T
chr12,123102141,T,C
chr12,123205229,T,G
chr12,123602775,C,T
chr12,123602847,T,A
chr12,124657023,G,C
chr12,125326299,A,T
chr12,125383808,G,A
chr12,125649599,A,T
chr12,125746174,G,C
chr12,125973430,A,G
chr12,126227495,T,A
chr12,127561091,A,G
chr12,129014089,A,T
chr12,129558246,A,G
chr12,129570156,C,G
chr12,130156984,C,T
chr12,130312199,T,C
chr12,130835125,T,C
chr12,131038634,C,T
chr12,131038716,G,A
chr12,131910751,C,G
chr12,131975035,C,A
chr12,132676267,C,T
chr12,133006759,T,A
chr12,133077065,G,T
chr13,16927450,A,C
chr13,16927729,G,C
chr13,19311543,T,A
chr13,19373474,T,A
chr13,20388551,A,T
chr13,21526969,A,C
chr13,22035946,A,T
chr13,22180149,C,T
chr13,22180150,A,G
chr13,23845368,C,T
chr13,24487795,A,C
chr13,24487894,A,G
chr13,24488131,C,T
chr13,24751477,T,G
chr13,25093489,A,T
chr13,25284528,A,G
chr13,25819750,G,C
chr13,25874912,C,T
chr13,25874916,A,T
chr13,26246554,A,T
chr13,26246574,G,A
chr13,26944134,A,G
chr13,27556244,A,C
chr13,28672523,G,A
chr13,29613980,A,T
chr13,31198713,A,C
chr13,32819714,T,G
chr13,34702100,T,C
chr13,36203579,A,G
chr13,37140298,T,C
chr13,37177557,C,T
chr13,39815857,G,A
chr13,39815921,C,T
chr13,39908448,T,G
chr13,40249050,G,A
chr13,40496846,G,A
chr13,40776143,C,T
chr13,40982309,A,G
chr13,41467909,T,C
chr13,42413572,C,G
chr13,43038348,T,A
chr13,44061620,G,A
chr13,44151658,G,C
chr13,44540795,T,A
chr13,45232983,C,G
chr13,46019663,G,T
chr13,46040080,G,A
chr13,47274377,T,C
chr13,47802924,T,C
chr13,48133733,C,A
chr13,48320524,C,G
chr13,50656613,A,T
chr13,50885548,T,A
chr13,51418175,T,C
chr13,52813512,G,A
chr13,53099061,C,A
chr13,53897689,C,A
chr13,54004496,T,G
chr13,54026578,C,T
chr13,54309388,G,T
chr13,54638241,G,C
chr13,55885756,T,C
chr13,56001413,C,T
chr13,56001507,G,A
chr13,56001544,A,G
chr13,56001897,A,G
chr13,56937151,T,C
chr13,57850405,A,G
chr13,58111185,T,C
chr13,58183748,G,A
chr13,59023690,A,C
chr13,59205629,T,A
chr13,59319837,A,C
chr13,59354746,C,G
chr13,59497391,C,T
chr13,59805884,T,A
chr13,61044063,T,C
chr13,62391690,C,T
chr13,62562656,G,C
chr13,62764872,T,C
chr13,63186146,A,G
chr13,63506618,A,T
chr13,63506619,A,T
chr13,63843368,A,T
chr13,63843498,G,T
chr13,63843511,G,A
chr13,64710792,G,C
chr13,65623970,T,A
chr13,65753040,A,T
chr13,65753060,A,G
chr13,67246404,G,C
chr13,68612063,G,C
chr13,68660072,A,C
chr13,68840703,T,A
chr13,68846799,G,T
chr13,69043070,A,G
chr13,69243714,G,A
chr13,69243861,C,G
chr13,69308948,C,G
chr13,69991963,G,T
chr13,70520724,T,C
chr13,70707076,A,T
chr13,71231848,G,C
chr13,71450662,T,C
chr13,71994840,T,C
chr13,72662246,T,G
chr13,73542943,T,C
chr13,73542963,A,G
chr13,73713812,G,A
chr13,73859981,G,A
chr13,73866792,T,A
chr13,74612820,T,G
chr13,74845431,C,A
chr13,76072684,T,C
chr13,76401824,A,T
chr13,77692918,T,C
chr13,77862138,C,G
chr13,78982155,G,C
chr13,79154956,C,G
chr13,79600099,A,G
chr13,80210618,T,C
chr13,81570388,T,G
chr13,82153964,T,A
chr13,82484784,A,C
chr13,83770256,A,C
chr13,84057235,C,A
chr13,85065158,C,G
chr13,85065161,T,C
chr13,86710419,A,C
chr13,87148918,G,T
chr13,87159321,G,C
chr13,89175323,A,T
chr13,90044364,A,G
chr13,90627801,T,A
chr13,90781052,A,G
chr13,91681315,G,T
chr13,91798153,C,T
chr13,92013623,C,T
chr13,92013631,T,C
chr13,92920381,A,G
chr13,93004547,C,T
chr13,93004811,T,A
chr13,93004907,T,A
chr13,93394606,G,T
chr13,93442909,C,G
chr13,93915313,A,G
chr13,96123751,A,G
chr13,96528778,T,A
chr13,96528798,C,A
chr13,97871544,C,A
chr13,98253365,C,A
chr13,98700769,C,A
chr13,100259834,T,G
chr13,104252664,T,C
chr13,104399108,C,A
chr13,104811638,C,T
chr13,105662437,T,C
chr13,105863272,G,T
chr13,106942877,G,T
chr13,107491633,A,T
chr13,108767055,T,A
chr13,109130407,A,G
chr13,110980047,G,A
chr13,111057566,C,G
chr13,111597077,A,T
chr13,111599775,C,A
chr13,112141315,A,C
chr13,112221471,A,G
chr13,113471753,T,G
chr14,19878304,T,C
chr14,19947476,A,G
chr14,19959234,C,T
chr14,20772091,G,C
chr14,20772428,G,A
chr14,20976834,T,A
chr14,21364988,G,A
chr14,21382980,C,G
chr14,21655177,A,C
chr14,22492800,A,C
chr14,25478446,G,T
chr14,25681408,T,C
chr14,25947602,T,C
chr14,25947914,A,T
chr14,27918187,A,C
chr14,28087101,A,C
chr14,28087313,C,T
chr14,28087369,C,T
chr14,29557257,G,C
chr14,30156381,T,G
chr14,30808918,C,A
chr14,31457108,G,C
chr14,31818442,T,G
chr14,31966804,C,A
chr14,32135001,T,C
chr14,32524827,C,T
chr14,32548932,C,A
chr14,32647303,C,G
chr14,33745819,A,T
chr14,34359276,A,G
chr14,34775744,A,G
chr14,34857527,T,C
chr14,34982204,T,C
chr14,35473387,A,G
chr14,35574702,A,T
chr14,35630003,A,T
chr14,35761840,A,G
chr14,35929767,A,T
chr14,36680722,A,ACC
chr14,36928858,G,C
chr14,38246125,G,T
chr14,38360112,A,T
chr14,39180846,G,A
chr14,39385973,C,A
chr14,39975197,A,C
chr14,41922687,T,A
chr14,42276429,A,T
chr14,43505979,T,A
chr14,43603342,T,A
chr14,43793099,G,C
chr14,45771823,A,T
chr14,46849601,A,G
chr14,47376195,G,T
chr14,47376196,A,C
chr14,47580914,T,A
chr14,48025284,G,T
chr14,48229240,A,C
chr14,48960159,G,T
chr14,50721250,T,G
chr14,50833476,C,A
chr14,53277898,G,A
chr14,53397941,C,T
chr14,53851888,T,A
chr14,54331441,A,T
chr14,55908391,T,C
chr14,56181201,G,A
chr14,56226386,G,A
chr14,56227678,G,T
chr14,56298268,A,C
chr14,57408533,G,T
chr14,58176650,A,G
chr14,59134053,A,T
chr14,60365773,T,A
chr14,60365777,A,G
chr14,61901558,A,G
chr14,62515729,G,T
chr14,64040306,G,T
chr14,64468354,A,C
chr14,64543642,C,G
chr14,65006860,G,T
chr14,65064259,A,T
chr14,65128185,G,A
chr14,65572689,A,G
chr14,65608877,T,G
chr14,67438013,C,A
chr14,67577624,A,G
chr14,68167454,C,A
chr14,69836491,T,C
chr14,70484158,A,T
chr14,70958807,G,A
chr14,71225164,C,T
chr14,71949622,T,C
chr14,72197802,G,T
chr14,72294237,T,A
chr14,72478795,C,G
chr14,73214134,T,G
chr14,73717841,A,C
chr14,74169286,A,G
chr14,74838779,C,T
chr14,75222273,A,T
chr14,76023108,T,G
chr14,76404725,T,G
chr14,76476717,T,C
chr14,76809897,A,T
chr14,77883502,A,T
chr14,79047952,T,A
chr14,80261420,T,C
chr14,80261440,T,G
chr14,80361859,T,A
chr14,80901824,C,A
chr14,80901846,T,C
chr14,80915399,A,C
chr14,81789941,A,G
chr14,81946669,T,C
chr14,83020286,C,A
chr14,85276276,A,G
chr14,85584872,G,C
chr14,86436145,C,A
chr14,86770962,T,C
chr14,86931854,A,C
chr14,87259285,A,G
chr14,87372550,T,G
chr14,88419064,C,G
chr14,88904218,C,T
chr14,89165833,C,G
chr14,89444491,A,G
chr14,89462234,A,T
chr14,89462254,A,T
chr14,89594023,T,C
chr14,89637629,G,C
chr14,91530161,C,A
chr14,91629027,A,C
chr14,91787818,T,A
chr14,92378453,T,TC
chr14,93079778,G,T
chr14,93986749,C,G
chr14,94351485,A,C
chr14,94439253,T,G
chr14,94660531,A,G
chr14,95404555,T,C
chr14,95426004,T,C
chr14,96130799,G,A
chr14,96324268,C,T
chr14,96360910,A,T
chr14,96729944,A,T
chr14,97266179,T,G
chr14,98320761,C,T
chr14,98325476,C,T
chr14,99543824,G,A
chr14,99646807,G,A
chr14,100031909,T,C
chr14,100466523,C,T
chr14,100679116,T,G
chr14,101303222,T,A
chr14,101303401,T,C
chr14,101780821,A,T
chr14,101780841,G,C
chr14,102552205,A,T
chr14,102552227,C,T
chr14,103339210,A,G
chr14,103940246,T,C
chr14,104506828,A,G
chr14,105411913,T,C
chr14,106432074,T,A
chr14,106432117,C,G
chr14,106449358,T,C
chr15,20762254,G,A
chr15,21271280,C,T
chr15,21271528,CAA,CAAAAAA
chr15,28114514,C,A
chr15,28122211,G,C
chr15,29426062,A,G
chr15,29791219,A,G
chr15,30675759,C,G
chr15,32187093,G,T
chr15,32825618,C,T
chr15,32829006,G,A
chr15,32829138,T,A
chr15,33250049,T,G
chr15,33855949,C,A
chr15,34111119,T,C
chr15,34907186,T,A
chr15,34995458,A,G
chr15,36451491,A,T
chr15,36972773,A,T
chr15,37481986,T,A
chr15,38328627,T,C
chr15,38328632,A,C
chr15,39551216,A,G
chr15,39551237,G,C
chr15,39736931,T,G
chr15,39975736,A,T
chr15,39975742,A,C
chr15,40367586,C,A
chr15,40491302,T,G
chr15,40559486,T,A
chr15,40594930,G,A
chr15,42511680,T,C
chr15,43906714,G,A
chr15,46310206,A,C
chr15,46420849,C,T
chr15,46940209,A,T
chr15,46940306,T,C
chr15,47205161,G,T
chr15,47875638,T,A
chr15,47985571,A,T
chr15,48083553,A,G
chr15,48105676,T,C
chr15,48340956,C,T
chr15,49256117,C,A
chr15,50733462,A,C
chr15,51504986,A,T
chr15,51639420,T,A
chr15,52005886,C,G
chr15,52005906,G,C
chr15,52547047,A,T
chr15,53033231,A,C
chr15,53033234,A,T
chr15,53753492,G,C
chr15,53753512,A,G
chr15,54085414,G,A
chr15,54166674,A,G
chr15,54327199,A,C
chr15,54327221,T,A
chr15,54543151,C,A
chr15,54954227,A,C
chr15,55217878,G,C
chr15,55402934,T,C
chr15,55486091,C,G
chr15,56668052,T,A
chr15,57582823,A,T
chr15,57850829,G,C
chr15,57850981,T,G
chr15,58572207,A,C
chr15,58930975,G,T
chr15,59446479,A,T
chr15,60515702,G,T
chr15,61613839,C,G
chr15,61999746,A,G
chr15,62013605,A,C
chr15,62298800,A,T
chr15,63015050,G,A
chr15,63289536,T,G
chr15,63568449,A,T
chr15,64080967,C,A
chr15,64080968,C,A
chr15,64483385,A,C
chr15,64522528,C,G
chr15,65074089,T,A
chr15,65673719,A,C
chr15,66395967,T,A
chr15,67133687,A,T
chr15,69067400,T,G
chr15,69680806,G,C
chr15,71056706,C,T
chr15,71651318,A,C
chr15,72034840,A,G
chr15,72243101,G,C
chr15,72825245,T,G
chr15,73020064,T,G
chr15,73259298,C,T
chr15,74273089,G,A
chr15,74276015,A,T
chr15,75101285,A,T
chr15,75391937,C,A
chr15,76007179,T,G
chr15,76448573,A,T
chr15,77095470,T,C
chr15,80106248,T,A
chr15,81560284,T,C
chr15,82055613,G,C
chr15,86527816,T,C
chr15,87419267,C,T
chr15,87632361,C,A
chr15,87632456,G,A
chr15,87699339,C,T
chr15,89549310,C,T
chr15,89875214,C,A
chr15,90318861,C,T
chr15,90380074,G,A
chr15,90458155,G,C
chr15,91097544,T,C
chr15,91716532,T,C
chr15,91873313,G,A
chr15,92674699,C,A
chr15,92785377,C,T
chr15,93272066,G,T
chr15,94042912,T,C
chr15,94590746,C,T
chr15,94963779,A,T
chr15,95351934,C,T
chr15,96103876,A,T
chr15,96263187,T,C
chr15,96499977,A,T
chr15,96731340,C,A
chr15,96731360,C,T
chr15,96838505,A,C
chr15,98892661,T,G
chr15,99398361,T,A
chr15,99398381,G,A
chr15,99457746,A,G
chr15,99507339,C,T
chr15,100279085,T,C
chr15,100690559,A,G
chr15,101258704,G,A
chr15,101586160,G,A
chr16,289532,G,T
chr16,338531,G,T
chr16,2395479,T,G
chr16,2922574,C,G
chr16,3357245,T,A
chr16,3357258,A,G
chr16,3600132,A,G
chr16,3600152,C,T
chr16,4555142,G,A
chr16,5274986,G,C
chr16,5274990,C,G
chr16,5634843,C,A
chr16,6405225,G,T
chr16,6661164,A,C
chr16,6797752,T,A
chr16,7627228,C,A
chr16,8063428,G,C
chr16,8085269,G,A
chr16,8127620,A,C
chr16,8838926,G,T
chr16,9755180,T,G
chr16,10198031,A,G
chr16,10198037,C,A
chr16,10241648,C,A
chr16,10561016,A,T
chr16,10964313,T,C
chr16,11877634,A,G
chr16,12199306,A,G
chr16,12947993,A,G
chr16,13886200,A,G
chr16,13956482,C,A
chr16,14360892,G,T
chr16,14369930,A,C
chr16,15011805,A,G
chr16,15011819,G,A
chr16,16916254,T,C
chr16,16943244,C,A
chr16,16958392,C,A
chr16,17315837,A,G
chr16,17423448,G,T
chr16,17508451,A,G
chr16,17599114,C,T
chr16,18827748,A,T
chr16,18827849,T,A
chr16,19603406,A,C
chr16,19603426,G,A
chr16,21690196,G,A
chr16,23716186,T,C
chr16,25341445,C,T
chr16,25872112,C,T
chr16,26407446,T,A
chr16,27581189,A,G
chr16,28915074,T,C
chr16,29896135,A,G
chr16,30131958,C,A
chr16,30749816,C,T
chr16,31358961,A,T
chr16,31396563,A,T
chr16,31895266,G,T
chr16,34595485,A,G
chr16,34595488,C,T
chr16,34595662,G,T
chr16,34595702,T,C
chr16,34595704,T,G
chr16,34595727,A,C
chr16,34595728,G,C
chr16,35696889,T,A
chr16,35866341,T,C
chr16,46386971,T,G
chr16,46387052,T,C
chr16,46387087,C,G
chr16,46387100,T,G
chr16,46387110,C,A
chr16,46387625,A,G
chr16,46389899,C,T
chr16,46390044,A,G
chr16,46390074,A,T
chr16,46390178,G,A
chr16,46390227,T,C
chr16,46390374,A,T
chr16,46390418,AATCATC,AATCATCATC
chr16,46390468,A,C
chr16,46390528,C,A
chr16,46390591,A,T
chr16,46390743,G,A
chr16,46390790,C,G
chr16,46390811,T,C
chr16,46390831,A,G
chr16,46390867,C,G
chr16,46397606,G,A
chr16,46397615,G,C
chr16,46397623,T,C
chr16,46397642,A,G
chr16,46639262,G,T
chr16,48700299,G,T
chr16,48856247,A,G
chr16,50440665,A,G
chr16,50852126,C,T
chr16,51290439,G,C
chr16,51558714,A,T
chr16,51566748,A,G
chr16,52352195,G,C
chr16,52597668,T,G
chr16,52597673,G,C
chr16,52597693,A,G
chr16,53695662,G,A
chr16,53823400,G,A
chr16,54922771,T,A
chr16,55265288,G,C
chr16,56359379,G,A
chr16,56423759,T,G
chr16,56498094,A,ACC
chr16,56805493,C,A
chr16,59499221,T,C
chr16,60415601,T,C
chr16,61351472,A,C
chr16,61839720,A,G
chr16,61855046,C,G
chr16,62184691,A,T
chr16,63190366,T,C
chr16,63590535,T,G
chr16,65330023,C,G
chr16,65701808,C,T
chr16,66131403,G,T
chr16,66439168,G,C
chr16,67551512,G,A
chr16,67880771,C,A
chr16,68144839,G,T
chr16,69351174,T,C
chr16,69712863,G,A
chr16,69993046,A,G
chr16,70661239,C,G
chr16,72125004,G,A
chr16,73060466,A,C
chr16,73649351,A,C
chr16,74275130,T,G
chr16,74724482,C,T
chr16,74780858,G,T
chr16,75515104,A,T
chr16,76823729,TT,TTAT
chr16,77826824,T,C
chr16,77980131,A,C
chr16,78333716,G,C
chr16,78669978,T,A
chr16,79615497,A,G
chr16,80267650,T,C
chr16,80631099,A,T
chr16,80737203,A,G
chr16,81195849,C,T
chr16,82432746,G,C
chr16,82594298,G,C
chr16,83085986,G,A
chr16,83086072,T,A
chr16,83227608,C,A
chr16,83831687,T,G
chr16,84294589,C,T
chr16,84573092,T,C
chr16,84786344,T,C
chr16,86386044,C,A
chr16,86793166,A,C
chr16,87025486,T,A
chr16,87140908,A,T
chr16,89346807,A,G
chr16,90181275,T,A
chr17,800716,G,A
chr17,1718693,C,G
chr17,3121752,A,T
chr17,3135888,T,A
chr17,4586967,G,C
chr17,5397862,C,T
chr17,5614846,C,G
chr17,6232178,C,T
chr17,6591507,A,C
chr17,6758877,G,C
chr17,7550153,C,A
chr17,7830237,A,G
chr17,8544791,C,A
chr17,9698554,G,A
chr17,9997455,A,G
chr17,10034030,T,G
chr17,10756874,T,C
chr17,10801575,A,C
chr17,10985668,G,T
chr17,11053625,G,A
chr17,11669776,T,C
chr17,11952118,G,A
chr17,13397349,T,C
chr17,14042615,T,A
chr17,14042637,A,T
chr17,15490354,T,G
chr17,17720879,T,C
chr17,18044954,A,G
chr17,19356194,C,T
chr17,19422275,A,T
chr17,20712141,G,C
chr17,21100716,C,T
chr17,21128309,C,G
chr17,22168825,C,T
chr17,22168905,T,C
chr17,26604335,A,G
chr17,26604336,T,A
chr17,26604342,T,C
chr17,26604356,G,A
chr17,27275676,A,T
chr17,27596016,G,C
chr17,29315998,T,C
chr17,30018134,C,A
chr17,31292378,A,T
chr17,31527242,G,A
chr17,32371811,T,A
chr17,33362527,A,C
chr17,33392804,T,C
chr17,33834414,T,C
chr17,34154366,T,C
chr17,34167303,T,G
chr17,34346226,A,G
chr17,34933216,T,A
chr17,39590348,C,T
chr17,42175651,C,T
chr17,43189603,G,A
chr17,43612064,T,G
chr17,43647078,G,C
chr17,44641346,T,C
chr17,46002673,T,G
chr17,46024175,G,A
chr17,47350795,G,T
chr17,47905332,A,G
chr17,48370061,A,G
chr17,48761528,A,T
chr17,51001321,A,C
chr17,51517241,A,T
chr17,52686874,G,C
chr17,53286754,T,G
chr17,53449897,T,A
chr17,55678699,A,T
chr17,56651858,G,A
chr17,56651948,T,C
chr17,56724699,A,T
chr17,57096035,G,A
chr17,57143282,C,T
chr17,57641582,G,C
chr17,57679395,C,T
chr17,58345578,A,G
chr17,59963556,A,C
chr17,61722732,G,C
chr17,62603749,T,C
chr17,62757004,C,A
chr17,63130819,A,G
chr17,63175255,C,T
chr17,64279550,C,T
chr17,64525988,T,C
chr17,66659814,A,G
chr17,66709910,T,A
chr17,68373705,A,G
chr17,68820711,C,A
chr17,71385621,T,A
chr17,72742674,A,G
chr17,74667428,G,A
chr17,77848917,T,G
chr17,78756514,A,G
chr17,79151993,C,T
chr17,79152003,C,T
chr17,79152018,T,G
chr17,79152148,G,A
chr17,79152174,G,A
chr17,79152177,T,G
chr17,79152279,G,A
chr17,80668829,G,T
chr18,1451776,T,G
chr18,1874430,T,C
chr18,1874450,A,G
chr18,4416178,A,C
chr18,4500102,C,T
chr18,5153364,G,C
chr18,5622454,C,T
chr18,5622457,C,G
chr18,5781642,C,G
chr18,6018545,A,T
chr18,6294682,T,G
chr18,7115534,T,G
chr18,8008466,A,G
chr18,8093641,C,T
chr18,10962835,A,T
chr18,11041905,G,C
chr18,11046951,C,T
chr18,11442918,T,G
chr18,13389228,A,G
chr18,13389507,G,T
chr18,13762012,C,A
chr18,13875153,C,G
chr18,14049745,A,T
chr18,15150586,T,C
chr18,15150617,G,A
chr18,21331633,C,A
chr18,21489530,T,A
chr18,22063740,G,T
chr18,22329553,C,G
chr18,22349828,G,A
chr18,22824888,G,A
chr18,22844191,A,G
chr18,23518782,A,C
chr18,26664076,C,A
chr18,29333731,T,C
chr18,30580186,T,A
chr18,31900380,A,G
chr18,32548730,A,C
chr18,32855569,T,A
chr18,33226684,G,T
chr18,34183833,A,G
chr18,34253554,G,A
chr18,34795220,C,T
chr18,35605199,T,G
chr18,35753162,G,A
chr18,36173600,G,A
chr18,36799137,T,A
chr18,36799157,T,A
chr18,36972610,C,A
chr18,37041950,G,A
chr18,37670336,G,C
chr18,37898689,G,A
chr18,38914614,C,T
chr18,39645320,G,T
chr18,39700594,T,C
chr18,39855916,C,G
chr18,39856913,C,T
chr18,40671714,A,T
chr18,41233196,A,G
chr18,42289242,G,T
chr18,43052226,C,T
chr18,43729191,C,T
chr18,43729551,C,T
chr18,44460088,A,G
chr18,44519522,T,C
chr18,44519542,G,T
chr18,45584401,A,T
chr18,46279931,T,A
chr18,46363873,G,A
chr18,46602030,G,GCA
chr18,46700762,C,A
chr18,47459540,G,C
chr18,47611275,A,T
chr18,49367053,A,C
chr18,50196434,C,T
chr18,50606082,A,C
chr18,50606083,T,G
chr18,51004264,C,T
chr18,52170747,T,C
chr18,52381116,G,T
chr18,52446433,C,T
chr18,52757795,A,T
chr18,53061087,T,A
chr18,54346046,A,C
chr18,57026170,T,G
chr18,58112335,A,T
chr18,59963906,A,G
chr18,61340514,G,A
chr18,61644796,T,A
chr18,61832660,T,A
chr18,63446557,T,C
chr18,65421685,G,A
chr18,66357656,A,G
chr18,66473947,C,A
chr18,66516338,G,T
chr18,66675786,A,G
chr18,66783519,C,T
chr18,68013806,T,G
chr18,68221227,A,G
chr18,68594207,T,A
chr18,68925997,C,T
chr18,68982266,A,G
chr18,69228370,T,G
chr18,69423526,T,A
chr18,69468904,C,T
chr18,69550578,A,G
chr18,69809990,T,G
chr18,69846746,A,G
chr18,70556209,A,G
chr18,70699344,G,A
chr18,71845027,C,A
chr18,72345415,A,T
chr18,72627000,T,A
chr18,73126299,A,C
chr18,74086283,A,T
chr18,75620102,T,C
chr18,77120485,T,C
chr18,78119406,C,T
chr18,78119426,T,G
chr18,78811217,C,G
chr18,79497093,G,A
chr18,79615206,T,C
chr18,79787345,G,A
chr19,801787,T,G
chr19,1668173,C,T
chr19,3073247,C,T
chr19,6804236,C,G
chr19,6989263,G,T
chr19,7460167,G,C
chr19,7961668,C,G
chr19,8068952,A,T
chr19,9102791,A,C
chr19,9386962,A,T
chr19,9609827,G,T
chr19,9723510,A,C
chr19,10802703,C,T
chr19,10861509,A,T
chr19,12602127,C,T
chr19,14155526,A,C
chr19,14629417,T,C
chr19,16139552,G,A
chr19,17881995,T,C
chr19,19324825,G,T
chr19,20278670,A,T
chr19,21657615,G,C
chr19,22061269,T,G
chr19,22364672,C,G
chr19,22622166,A,C
chr19,23066458,G,C
chr19,24184106,C,T
chr19,24368429,T,C
chr19,27630099,G,A
chr19,27727302,T,G
chr19,28128371,C,A
chr19,28487838,G,T
chr19,28829883,G,C
chr19,28989946,A,G
chr19,29039962,G,A
chr19,29176487,A,C
chr19,29225137,T,G
chr19,30064934,C,T
chr19,31225085,C,G
chr19,31230759,G,A
chr19,33760075,C,G
chr19,33760095,C,T
chr19,33932640,C,T
chr19,33932667,A,G
chr19,33932725,A,C
chr19,34932094,T,C
chr19,35274521,G,C
chr19,36631947,A,T
chr19,37058699,G,C
chr19,37567664,C,T
chr19,37677093,T,G
chr19,37801207,C,T
chr19,39147580,T,C
chr19,40972740,A,C
chr19,44317003,A,G
chr19,45094921,A,T
chr19,46351213,C,A
chr19,47987202,A,T
chr19,48491773,C,A
chr19,50350389,G,A
chr19,50350834,C,G
chr19,51014528,C,T
chr19,51506834,AG,A
chr19,52359583,T,C
chr19,53687794,C,G
chr19,54468234,C,G
chr19,55306961,G,T
chr19,55812872,A,G
chr19,56212165,G,T
chr19,56506550,G,A
chr19,57335694,A,T
chr19,57335697,A,T
chr19,58337009,A,T
chr20,1128808,T,C
chr20,1808470,G,T
chr20,3084336,A,G
chr20,3084356,C,G
chr20,3268628,A,T
chr20,3296447,G,A
chr20,3576753,A,C
chr20,3618251,G,T
chr20,3982084,G,A
chr20,4252798,G,A
chr20,4258479,C,T
chr20,4612905,T,A
chr20,4824419,A,T
chr20,7124485,T,C
chr20,7386263,C,G
chr20,8423618,T,C
chr20,8490798,T,A
chr20,8573878,G,A
chr20,8575568,G,A
chr20,8575573,G,A
chr20,8582714,G,A
chr20,8872175,T,C
chr20,9175024,C,T
chr20,10431463,T,G
chr20,10696247,G,C
chr20,11586280,G,C
chr20,12244248,T,C
chr20,12415607,T,G
chr20,12415627,G,T
chr20,12694523,A,C
chr20,12912717,C,T
chr20,13451431,T,A
chr20,13616576,C,A
chr20,13628303,T,C
chr20,13868080,C,G
chr20,14627094,C,T
chr20,14627245,G,A
chr20,14760868,A,G
chr20,15628585,C,T
chr20,15710324,C,G
chr20,17803128,C,T
chr20,18085837,C,G
chr20,18685509,T,A
chr20,20605792,C,A
chr20,20864503,C,T
chr20,21143873,A,T
chr20,21691796,T,A
chr20,22519476,G,A
chr20,22981977,T,A
chr20,23142920,C,T
chr20,24401890,C,G
chr20,24959037,T,A
chr20,25739270,T,C
chr20,28934532,A,C
chr20,30591636,A,G
chr20,31185729,A,G
chr20,32302267,T,C
chr20,35394653,T,A
chr20,35481672,G,T
chr20,35531856,A,T
chr20,36006046,T,G
chr20,36752807,C,T
chr20,37412830,CTGTGTGTGTGTGTGTGTGTGT,CTGTGTGTGTGTGTGTGTGT
chr20,37452485,T,C
chr20,37625335,C,T
chr20,39798780,T,G
chr20,40706707,A,G
chr20,43386699,G,C
chr20,44011480,T,A
chr20,44396276,A,G
chr20,44408306,C,T
chr20,45048189,G,T
chr20,45072872,A,C
chr20,45841746,G,A
chr20,47659506,A,G
chr20,47720924,T,G
chr20,48370727,A,G
chr20,48808031,G,A
chr20,49900976,T,C
chr20,50667963,C,G
chr20,51094685,G,C
chr20,52269933,T,G
chr20,52953051,T,G
chr20,54083776,C,T
chr20,55208647,T,G
chr20,55471706,T,G
chr20,55822767,C,G
chr20,56029098,A,C
chr20,57004268,T,C
chr20,58263463,C,G
chr20,58815136,T,A
chr20,59704687,T,G
chr20,60818519,T,C
chr20,62508457,T,C
chr20,62508584,G,A
chr20,62508611,A,G
chr21,6793233,A,T
chr21,9006957,T,C
chr21,9006958,G,C
chr21,10763128,G,A
chr21,10798502,G,C
chr21,10798520,C,G
chr21,10798549,C,T
chr21,10798557,G,T
chr21,10798563,T,G
chr21,13019284,G,T
chr21,13019350,T,A
chr21,13019553,T,A
chr21,14310803,A,C
chr21,14368395,A,C
chr21,14773583,C,T
chr21,14985795,C,G
chr21,15876201,C,T
chr21,15924099,T,C
chr21,16740703,C,A
chr21,16740769,T,C
chr21,17738186,A,G
chr21,18408983,C,G
chr21,19797660,C,T
chr21,20085502,C,T
chr21,20710407,C,A
chr21,21441023,T,C
chr21,21587929,G,A
chr21,21749060,A,C
chr21,21855071,A,T
chr21,24729225,A,G
chr21,24861380,C,A
chr21,25556102,A,T
chr21,25891403,T,C
chr21,26646481,A,T
chr21,26846226,A,T
chr21,27650347,A,C
chr21,28625038,C,G
chr21,32692330,C,G
chr21,32899761,C,T
chr21,33286058,C,G
chr21,35501505,G,A
chr21,36197432,C,A
chr21,36515622,G,A
chr21,38236181,C,T
chr21,38261967,T,C
chr21,38912692,C,G
chr21,38936104,T,A
chr21,38987188,C,G
chr21,39521297,C,T
chr21,39521478,A,G
chr21,40146544,G,A
chr21,44069196,G,T
chr21,44636867,T,A
chr21,44969761,C,A
chr21,45473889,A,T
chr21,46515103,T,C
chr21,46515246,T,G
chr22,17437992,T,C
chr22,20233466,T,A
chr22,20367606,A,G
chr22,20396545,A,C
chr22,21016938,C,A
chr22,22149619,T,G
chr22,22729288,T,G
chr22,23681358,G,A
chr22,23903105,A,G
chr22,25971871,C,T
chr22,26207691,C,T
chr22,26410744,T,G
chr22,26462807,G,C
chr22,27826981,C,T
chr22,27962308,A,T
chr22,28503943,A,G
chr22,28826811,T,A
chr22,28826831,A,G
chr22,30763224,T,A
chr22,31653354,C,A
chr22,32167437,G,A
chr22,33122990,G,C
chr22,33293364,T,C
chr22,33947889,A,C
chr22,34391381,A,G
chr22,34553826,A,G
chr22,35771814,A,C
chr22,36330976,C,G
chr22,36330997,C,T
chr22,41178151,A,C
chr22,41430436,T,C
chr22,43140899,C,T
chr22,43754163,T,C
chr22,43821828,G,C
chr22,44038475,T,C
chr22,44456837,G,A
chr22,44991272,G,A
chr22,45276022,G,A
chr22,45409253,C,T
chr22,45881301,T,A
chr22,47429504,A,C
chr22,47515514,A,T
chr22,48599290,A,G
chr22,49065159,A,G
chr22,49360924,A,AG
chrX,1111275,T,C
chrX,1614855,A,G
chrX,2699618,A,T
chrX,3093374,G,C
chrX,3604131,G,C
chrX,4781806,T,G
chrX,4781823,T,C
chrX,5354140,C,T
chrX,5707653,T,G
chrX,6021790,A,G
chrX,6068044,T,G
chrX,6228936,C,G
chrX,7519447,C,A
chrX,10479086,C,T
chrX,10656138,G,C
chrX,11627322,A,T
chrX,12228450,T,G
chrX,12307236,C,A
chrX,12372787,T,C
chrX,12448109,A,C
chrX,12605557,A,C
chrX,14177723,C,A
chrX,16157449,C,A
chrX,17758295,A,C
chrX,18052206,T,G
chrX,18757067,A,C
chrX,20535975,C,T
chrX,22665101,T,G
chrX,23373563,T,G
chrX,24123447,A,G
chrX,24616723,A,T
chrX,24728174,C,G
chrX,25472963,G,T
chrX,26486618,C,A
chrX,28326320,T,G
chrX,29015723,G,C
chrX,30809693,T,G
chrX,33180532,T,G
chrX,33652386,A,G
chrX,33743288,T,C
chrX,34852725,C,A
chrX,35855695,A,G
chrX,35935825,G,T
chrX,36065347,A,T
chrX,36567619,C,A
chrX,36640455,A,T
chrX,37333772,T,A
chrX,37472073,T,C
chrX,40011289,G,C
chrX,40774324,T,C
chrX,40880178,T,G
chrX,40912887,G,T
chrX,41028946,T,G
chrX,41028966,G,A
chrX,41479017,A,C
chrX,41686978,G,T
chrX,42387519,T,G
chrX,42672456,A,T
chrX,44304522,C,T
chrX,44351840,T,G
chrX,44873420,C,G
chrX,45049532,A,G
chrX,45883339,T,G
chrX,46710711,A,T
chrX,47845374,C,T
chrX,48063204,G,T
chrX,48644837,A,G
chrX,48644883,A,G
chrX,50582888,T,C
chrX,50733461,T,C
chrX,51518760,A,G
chrX,51919251,T,G
chrX,52815396,A,G
chrX,52815398,A,G
chrX,55306997,C,T
chrX,55326986,A,G
chrX,55829044,T,C
chrX,56072389,C,T
chrX,56637851,C,T
chrX,63986296,C,A
chrX,68421686,G,T
chrX,69427711,A,G
chrX,69514488,T,G
chrX,69716817,G,A
chrX,70448055,C,G
chrX,70448075,A,C
chrX,70563465,T,G
chrX,70602045,C,T
chrX,70602191,T,C
chrX,72114101,G,A
chrX,72710355,G,T
chrX,76140688,A,G
chrX,77401299,G,A
chrX,78295008,A,G
chrX,79711191,G,C
chrX,80616246,G,T
chrX,80684170,G,A
chrX,80684173,G,A
chrX,81930727,G,A
chrX,82602451,C,G
chrX,82842827,A,T
chrX,82967276,C,T
chrX,83621359,C,T
chrX,84559810,A,G
chrX,84773358,T,A
chrX,85102826,A,G
chrX,85119666,T,C
chrX,85158479,G,T
chrX,85230085,T,A
chrX,85241078,G,A
chrX,87244650,T,G
chrX,87258593,A,T
chrX,87497529,G,T
chrX,87551467,A,G
chrX,87551548,G,A
chrX,87884519,G,A
chrX,87971499,T,A
chrX,88025390,T,G
chrX,88760149,A,T
chrX,88878526,T,G
chrX,90905583,C,T
chrX,92584528,A,G
chrX,93812284,C,G
chrX,95100142,A,C
chrX,95402822,C,T
chrX,95402842,T,G
chrX,96140269,A,G
chrX,97158569,A,G
chrX,97191054,C,T
chrX,97478312,A,C
chrX,97522705,T,C
chrX,98423712,C,T
chrX,99384545,T,C
chrX,99534793,C,T
chrX,99534794,A,T
chrX,99987896,A,G
chrX,99987899,G,A
chrX,102816192,A,G
chrX,103497653,G,C
chrX,106015775,T,A
chrX,106219325,A,T
chrX,106723937,T,A
chrX,106753498,A,G
chrX,107552856,T,G
chrX,108567500,A,T
chrX,108610127,A,C
chrX,108798574,A,T
chrX,108798595,C,T
chrX,110866278,A,G
chrX,112727167,T,A
chrX,112934410,A,T
chrX,116939048,T,C
chrX,118111060,A,T
chrX,119203574,C,G
chrX,120031370,T,G
chrX,120458415,C,A
chrX,121520787,T,C
chrX,121796435,C,A
chrX,122464958,A,T
chrX,124396764,T,A
chrX,124401608,C,G
chrX,124520240,AGG,AG
chrX,125326284,T,C
chrX,128082938,G,A
chrX,128739930,A,G
chrX,132551801,G,A
chrX,135649919,C,G
chrX,137025704,C,T
chrX,137040191,C,G
chrX,138556348,T,G
chrX,138631614,G,A
chrX,139233947,A,T
chrX,141152520,G,T
chrX,143935803,C,A
chrX,144606102,G,A
chrX,144714749,T,A
chrX,145215753,C,T
chrX,146977097,T,A
chrX,148689934,T,C
chrX,148970970,C,T
chrX,149138779,T,G
chrX,150281456,C,T
chrX,150370080,T,G
chrX,150622363,A,T
chrX,152077942,T,A
chrX,152632527,T,C
chrX,152632793,C,T
chrX,153654946,A,G
chrX,154447514,T,A
chrX,154681110,A,G
chrX,154914011,C,T
chrX,155790866,T,C
chrY,7123776,A,C
chrY,7672543,A,C
chrY,10632145,C,G
chrY,11341566,A,G
chrY,11341613,A,G
chrY,11341905,G,A
chrY,11341999,A,G
chrY,12494020,C,A
chrY,12494023,C,G
chrY,13613374,G,T
chrY,15087059,C,A
chrY,15539898,T,C
chrY,15670194,T,A
chrY,16610605,C,G
chrY,20861835,A,T
chrY,22218988,TATAGAGATAGA,TA
chrY,22219018,GATA,GA
chrY,22219030,A,T
chrY,56861451,T,A
chr17_KI270729v1_random,102394,A,G
chr17_KI270729v1_random,102477,A,T
chr22_KI270733v1_random,151577,G,C
chr22_KI270735v1_random,20921,G,A
chr22_KI270735v1_random,21033,C,G
chr22_KI270737v1_random,79891,C,A
chr22_KI270737v1_random,79909,C,A
chr22_KI270737v1_random,80308,T,C
chrUn_KI270442v1,146182,A,C
chrUn_KI270466v1,841,T,A
chrUn_KI270466v1,845,C,T
chrUn_KI270466v1,856,T,G
chrUn_KI270466v1,864,T,C
chrUn_KI270466v1,867,G,C
chrUn_KI270466v1,880,G,C
chrUn_KI270466v1,891,G,A
chrUn_KI270466v1,896,C,T
chrUn_KI270466v1,931,C,A
chrUn_KI270466v1,1069,T,A
chrUn_KI270466v1,1091,G,C
chrUn_KI270466v1,1092,T,A
chrUn_KI270466v1,1129,T,C
chrUn_KI270466v1,1131,C,G
chrUn_KI270466v1,1133,G,T
chrUn_KI270466v1,1140,A,G
chrUn_KI270466v1,1169,C,T
chrUn_KI270467v1,2544,A,C
chrUn_KI270467v1,2558,T,A
chrUn_KI270467v1,2567,C,A
chrUn_KI270467v1,2591,A,C
chrUn_KI270467v1,2667,C,T
chrUn_KI270467v1,2675,G,C
chrUn_KI270467v1,2698,G,A
chrUn_KI270467v1,2705,G,A
chrUn_KI270467v1,2706,A,T
chrUn_KI270467v1,2857,G,T
chrUn_KI270467v1,2908,C,A
chrUn_KI270467v1,2928,G,T
chrUn_KI270467v1,2945,C,G
chrUn_KI270467v1,2949,A,G
chrUn_KI270467v1,3104,A,T
chrUn_KI270467v1,3208,A,G
chrUn_KI270467v1,3218,T,G
chrUn_KI270438v1,104352,T,C
chrUn_KI270438v1,104377,T,A
chrUn_KI270438v1,104387,C,T
chrUn_KI270438v1,104418,G,T
chrUn_KI270438v1,104448,A,G
chrUn_KI270438v1,108136,T,A
chrUn_KI270438v1,108201,T,A
chrUn_KI270438v1,108295,A,G
chrUn_KI270438v1,108305,C,A
chrUn_KI270438v1,108307,G,C
chrUn_KI270438v1,108398,C,G
chrUn_KI270438v1,109248,G,C
chrUn_KI270438v1,109347,C,G
chrUn_KI270438v1,109374,C,A
chrUn_KI270438v1,109381,C,T
chrUn_KI270438v1,109397,A,G
chrUn_KI270438v1,109425,G,A
chrUn_KI270438v1,109501,G,A
chrUn_KI270438v1,109518,C,G
chrUn_KI270438v1,109550,A,G
chrUn_KI270438v1,109598,G,T
chrUn_KI270438v1,109609,A,T
chrUn_KI270438v1,109651,T,C
chrUn_KI270438v1,109860,A,C
chrUn_KI270438v1,109952,G,A
chrUn_KI270438v1,110294,G,T
chrUn_KI270333v1,508,T,A
chrUn_KI270333v1,531,A,G
chrUn_KI270333v1,532,G,A
chrUn_KI270333v1,559,C,T
chrUn_KI270333v1,975,T,A
chrUn_KI270333v1,987,T,C
chrUn_KI270333v1,1001,T,A
chrUn_KI270333v1,1020,T,C
chrUn_KI270333v1,1023,G,C
chrUn_KI270333v1,1028,C,T
chrUn_KI270333v1,1037,T,C
chrUn_KI270333v1,1069,T,C
chrUn_KI270333v1,1070,G,T
chrUn_KI270333v1,1079,C,T
chrUn_KI270743v1,182017,G,T
chrUn_KI270743v1,182118,T,C
chrUn_KI270751v1,149194,A,C
chrUn_GL000214v1,136425,C,T
chrUn_GL000214v1,136470,G,T
chrUn_GL000214v1,136477,C,G
chrUn_GL000214v1,136630,A,G
chrUn_KN707703v1_decoy,1621,A,G
chrUn_KN707841v1_decoy,1776,A,C
chrUn_KN707857v1_decoy,615,C,T
chrUn_KN707896v1_decoy,5814,C,T
chrUn_KN707896v1_decoy,5828,C,G
chrUn_KN707896v1_decoy,5841,T,A
chrUn_KN707896v1_decoy,5863,C,G
chrUn_KN707896v1_decoy,5883,C,A
chrUn_KN707896v1_decoy,5919,C,A
chrUn_KN707896v1_decoy,6015,A,C
chrUn_KN707896v1_decoy,6030,A,G
chrUn_KN707896v1_decoy,6035,A,G
chrUn_KN707896v1_decoy,13013,C,G
chrUn_KN707896v1_decoy,13014,A,C
chrUn_KN707896v1_decoy,13020,T,A
chrUn_KN707896v1_decoy,13033,C,T
chrUn_KN707896v1_decoy,13052,C,A
chrUn_KN707896v1_decoy,13057,C,A
chrUn_KN707896v1_decoy,13084,G,T
chrUn_KN707896v1_decoy,13113,C,T
chrUn_KN707896v1_decoy,13457,A,C
chrUn_KN707896v1_decoy,13546,T,C
chrUn_KN707896v1_decoy,17547,G,C
chrUn_KN707896v1_decoy,17567,C,A
chrUn_KN707896v1_decoy,17582,C,T
chrUn_KN707896v1_decoy,17584,A,T
chrUn_KN707896v1_decoy,17598,T,C
chrUn_KN707896v1_decoy,22104,A,C
chrUn_KN707896v1_decoy,22359,A,C
chrUn_KN707896v1_decoy,22360,A,C
chrUn_KN707986v1_decoy,284,G,T
chrUn_KN707986v1_decoy,286,C,G
chrUn_KN707986v1_decoy,291,A,G
chrUn_KN707986v1_decoy,349,G,C
chrUn_KN707986v1_decoy,354,C,G
chrUn_KN707986v1_decoy,364,G,C
chrUn_KN707986v1_decoy,372,T,A
chrUn_KN707986v1_decoy,713,C,T
chrUn_KN707986v1_decoy,735,A,T
chrUn_JTFH01001752v1_decoy,6430,T,C
chrUn_JTFH01001899v1_decoy,2046,C,T
chrUn_JTFH01001899v1_decoy,2068,G,C
chrUn_JTFH01001929v1_decoy,677,A,G
chrUn_JTFH01001929v1_decoy,680,T,A
chrUn_JTFH01001929v1_decoy,683,A,G
chrUn_JTFH01001929v1_decoy,702,T,G
chrUn_JTFH01001929v1_decoy,704,C,A
chrUn_JTFH01001929v1_decoy,715,A,G
chrUn_JTFH01001929v1_decoy,718,C,T
chrUn_JTFH01001929v1_decoy,719,A,G
chrUn_JTFH01001929v1_decoy,750,T,A
chrUn_JTFH01001929v1_decoy,783,G,A
chrUn_JTFH01001929v1_decoy,1205,C,T
chrUn_JTFH01001929v1_decoy,1207,C,T
chrUn_JTFH01001929v1_decoy,1261,T,G
chrUn_JTFH01001929v1_decoy,1278,T,A
chrUn_JTFH01001929v1_decoy,1295,A,C
chrUn_JTFH01001929v1_decoy,1309,A,C
chrUn_JTFH01001929v1_decoy,1314,T,A
chrUn_JTFH01001929v1_decoy,1347,C,T
chrUn_JTFH01001929v1_decoy,1368,G,C
chrUn_JTFH01001929v1_decoy,1394,T,C
chrUn_JTFH01001929v1_decoy,1414,G,A
chrUn_JTFH01001929v1_decoy,1445,C,T
